4eabeb6d,4e2782bb,00000000,0
4d31a591,4e7c504f,00000000,0
4f58a7d3,4e8d0d4f,40800000,0
4d69b7cf,4ea67cbd,5d60fcbe,1
4f3bdaf7,4f0d5445,5c2f16b5,1
4eae2987,4dd92fea,5e6ebf65,1
4eb40426,4e3fbae9,5c97ff11,1
4ea16d98,4e8c385c,5ecf6ae1,1
4e0b28af,4f24bc32,5d13c1cc,1
4d01ff19,4dab4218,5d86d287,1
4f258d0e,4f581b77,5db0d6f2,1
4f72d627,4f514928,5db318ba,1
4f2e48dc,4f34e20a,5b2dedeb,1
4eeeda80,4f3a4004,5f0bc0c6,1
4e580b97,4e415e6f,5f46863a,1
4d386c5d,4f41195b,5ef64a3b,1
4f41f10f,4f753279,5eadc67b,1
4e86596d,4f0cfac3,5d23306e,1
4ec6d759,4e760d9f,5d0b1bf6,1
4c0d6f2a,4f162bee,5f39c1f0,1
4eba4a59,4f64e0a4,5e13f902,1
4f2e3308,4f0aae37,5dbf1d83,1
4f5e3185,4f67755b,5ba5eecf,1
4f6569a7,4ea68c0d,5ea68daf,1
4f7452c3,4f4b8979,5ebcbc1c,1
4f021927,4eeb5ca1,5f48e48a,1
4da30eb0,4f2ffe1f,5e954003,1
4f30f395,4dadcd7f,5f4240d4,1
4f08af78,4f708eeb,5e6f3853,1
4f6d8c87,4e7bd16b,5d6031cd,1
4f413eef,4e2d6528,5d70454d,1
4e066b36,4f795e27,5f0070cf,1
4ecf47d6,4f339325,5e69ab1b,1
4e6fc6a5,4de98834,5e02e3e3,1
4f1c4a84,4f33a2d4,5e02efb7,1
4d715bf0,4f1ad032,5e91665e,1
4eb8f779,4f7a8ed6,5cdabb5e,1
4d8a24d2,4f68f907,5edb5705,1
4d8978b1,4ef5718a,5d11f598,1
4f5379a8,4da2a8e0,5eb508e0,1
4e804a6b,4f6f413f,5d7b6f7f,1
4f6b62ff,4f2fd406,5d03cd79,1
4e2e8cf3,4e31ca70,5d865e7d,1
4f20e7b2,4f5ed9df,5e6fcc58,1
4c4efb3c,4f7d015d,5f21ab9f,1
4e404039,4db497a2,5cf272f7,1
4ee19974,4f29a0c5,5f0c11dc,1
4d2b8a7a,4e566bb2,5c4c8f64,1
4e92b22d,4eb7d601,5c879f07,1
4e1f87a9,4e976f2d,5e957bfb,1
4f632e7b,4f14cc39,5c0fadec,1
4f721809,4f015c1a,5dd2afff,1
4f1dd567,4f3d8717,5d3cbc99,1
4e39b81d,4f78f2f2,5f040c1a,1
4e8f6f8a,4f220e64,5ef4aa6b,1
4e88d8b3,4f792465,5ee9b3ad,1
4efc16c3,4ee8adb4,5e349a9b,1
4f157ad2,4e20804f,5e35994a,1
4cf247dc,4e3efa3c,5e852e3a,1
4f54cfda,4f698867,5e651fad,1
4f11263a,4e0aa2c7,5dbb6f5d,1
4f1138e3,4f625dba,5bb4be28,1
4f26a808,4f09c22e,5f422291,1
4d9953c0,4e944955,5d9d35cc,1
4ea93745,4f582a83,5f006963,1
4ee8d5f4,4d33ccc9,5eb35cab,1
4ef60e0f,4f5b916f,5cb1a0ad,1
4ef24a69,4edbc989,5e8ee2bb,1
4f5ee220,4f36e7e5,5ca387da,1
4eadfc19,4e035064,5ed309cf,1
4f06b20a,4f1afa11,5e500465,1
4e41d017,4f7c45da,5f1f3ea8,1
4e4b8cb2,4e951a2e,5d327d47,1
4dbfc794,4f273382,5ea31559,1
4e954cb4,4ef7285d,5e3efdb8,1
4f4170af,4ee700c8,5d6d1b68,1
4eeb5847,4f6618db,5d7a838f,1
4e8aa11d,4f3b14c5,5e10248b,1
4f49fe0a,4e4e87f1,5eae8d45,1
4f3dadd4,4e6c99ed,5ed38829,1
4f329398,4f13a229,5e4a9dde,1
4f18b6fc,4f20aa70,5e22f5af,1
4e2543e7,4f7a1bd7,5e2f4e4b,1
4e8e64f9,4e356d11,5ecdf7bc,1
4d9a37b3,4e9db530,5ebfb013,1
4c399068,4f2e02c1,5e217648,1
4f1c2e00,4efd50c3,5d49d41c,1
4e3f6d7d,4ec579de,5cbe029e,1
4f3ffcfa,4ec4c676,5bfc444b,1
4f095fa4,4f6e1be7,5e9a8abb,1
4f280dc2,4e0aa4d5,5d93aa61,1
4f3be4b8,4f72078c,5e939285,1
4dccf3c9,4f1b6959,5eff8bc7,1
4f1f7d89,4e127d44,5db6073e,1
4f254fc7,4f757744,5f31a3bf,1
4c47a333,4ec91ec7,5d78d7e3,1
4f23a926,4e4bde74,5db68745,1
4eb15eed,4efe92ba,5f1e825d,1
4f7ad379,4f29c7fb,5b9cd723,1
4f40703e,4f4ade3b,5e025557,1
4edfa3e0,4ec91bf4,5e3061d8,1
4e50424d,4f0ebea4,5f26598b,1
4f57261d,4f53fea7,5f187f9e,1
4d7e1211,4ea61ed2,5e2fb016,1
4f24533f,4e8eeb44,5de83fba,1
4f299269,4ec4325a,5f322a6e,1
4f418429,4f341ba8,5ca4de4d,1
4d81c8e8,4f4a525d,5e377a62,1
4e19fa86,4f596739,5e81f572,1
4de4ddec,4f0b9556,5f0825d4,1
4e820e4d,4eaaed72,5d4d2491,1
4d664881,4ccb5c4e,5e02c371,1
4da96794,4efeea04,5d799402,1
4f1e20bf,4e3fe76e,5dadac40,1
4f653552,4f0c83c7,5ab6ee86,1
4e1e7c61,4daa8a8b,5d28afa0,1
4d1e6a53,4e94aaa4,5ded12c3,1
4eb795c6,4f7a8435,5efb9e4a,1
4f40d176,4f0a0f07,5c5328bb,1
4ef17db5,4c9dcf9a,5c37fe20,1
4f547620,4f648645,5eb3a712,1
4f600c2a,4f14269b,5ecff876,1
4f725997,4f3e3b70,5c14dded,1
4ee949a3,4dbe4a56,5f3da8a3,1
4df3c75a,4f2bd768,5f01a8d1,1
4eeaf7f0,4f4e9a41,5f3416c2,1
4f29a916,4f537f5d,5d2d6864,1
4f5b2c13,4f667d46,5da3a348,1
4f660977,4ea95c8b,5ebda117,1
4f66724f,4ec49155,5f0c2ac5,1
4e4873eb,4f42df8c,5f4554d9,1
4e8ad17d,4eeb09a0,5e982f67,1
4e0a6d62,4d931cd0,5eb0f257,1
4ec0fd41,4dc7331b,5e1896e2,1
4f0603e4,4f7b38cf,5dfee70b,1
4ebced0e,4f6ba7e1,5c1f18c7,1
4f614c1c,4e858ba7,5d162b64,1
4f548dde,4ebe83e6,5f03838d,1
4e2ca7da,4f49a850,5eade980,1
4eb50cc9,4eaa6def,5e6b0ee3,1
4f55408f,4d9f41c7,5e9e2ece,1
4f5d58d1,4e5e684c,5e08014e,1
4f1ccb70,4ee0d071,5df11079,1
4f3fbdfa,4dc8850e,5d84a9e3,1
4f03b9a4,4f480aea,5e404d33,1
4e182e67,4d1238e6,5e89b1ac,1
4f756c3d,4f212be6,5d963013,1
4f75a725,4f2f03eb,5ecddd4b,1
4e95b9ff,4f285e36,5badd893,1
4f0facd8,4f558b17,5f1a8328,1
4f191d3b,4e22ebaf,5f27f104,1
4f7e2a71,4f3a906b,5e44f252,1
4f7e6e21,4ee13975,5eefb1be,1
4f6b6f64,4ef4e395,5dc2e2eb,1
4f06d198,4f65521c,5f393a38,1
4e3c4526,4f4e01db,5edfd7e5,1
4b658d34,4e85a7ef,5ee13778,1
4f71e9f1,4e8625f8,5ef18975,1
4ec80c65,4e249c37,5e178101,1
4f4a33e1,4f335e70,5a6fb1e2,1
4f68f595,4e14fd70,5e7d88aa,1
4f7caf55,4e890e59,5d80a203,1
4e2fa443,4f197365,5f0dacdd,1
4b8ad460,4f5eb373,5e07949a,1
4d54e973,4f7a2a21,5e8747fd,1
4f6bc76f,4ee53256,5dd290b0,1
4e834e7e,4f501b57,5b718af8,1
4f1ebfa4,4ea44f22,5d500f04,1
4ecab338,4df73ae2,5ed317c2,1
4e79362e,4e20aa0a,5e557b98,1
4e8e40a1,4dbe8fb4,5e4bc7ae,1
4ae4b7f4,4f76a4fe,5d43c18a,1
4f2dcfac,4dfb76bf,5d1c6764,1
4da0bb47,4d1f6fa4,5cd3c7a3,1
4effa399,4f4e4a62,5adc5c2d,1
4f1af709,4efa3d24,5daabb3d,1
4f5504b5,4d836686,5b4834d2,1
4d0f82c4,4ee1c308,5ecdffec,1
4f0424c4,4f7edb52,5e977a41,1
4ec794af,4e078610,5d5aad6f,1
4e4fe65c,4e8894c8,5c7d1e86,1
4bc55de0,4dc7e316,5f038db0,1
4ef777de,4ed99703,5d534fd9,1
4f52390a,4f0d1e7a,5d5dd668,1
4e941bda,4de82d28,5a1a1b0c,1
4f3c245d,4f457e14,5e525695,1
4ea3c3cb,4e2de2ff,5ee7c4e2,1
4f31fef9,4e7a0ca1,5d06535d,1
4f62a161,4db716f3,5f1124a4,1
4e6c7278,4ef282c2,5d5e790c,1
4f696204,4ed8eaba,5e2ddbc7,1
4bf80cb6,4cd81d7d,5da215ad,1
4e812c75,4de598b4,5ddffcfa,1
4f0818e1,4e8c8e16,5ec5c0b0,1
4d9f0fad,4ef3908e,5951674c,1
4f311f78,4ee3dcc3,5ce7b3a3,1
4eda19da,4eeb09c4,5e157249,1
4f451daf,4f4ee7f1,5d1755b2,1
4f03f005,4f30b39f,5e9da7a5,1
4f4b09bf,4e928104,5e483e0d,1
4f5431d2,4f1943da,5f1f507a,1
4f159329,4ee19f09,5eb6232c,1
4ef98551,4e799368,5e6863c4,1
4eb0f111,4f115cb4,5efe1408,1
4e8a70ed,4f1a092d,5e83d342,1
4f3eebb4,4eae0fff,5df34258,1
4f0e72a9,4f58b353,5e48f13b,1
4ec2b2c1,4f63f887,5e2699c9,1
4f246886,4f170c2f,5e81d022,1
4e033b8c,4f21e97b,5ef1290d,1
4f1a7daf,4f776b2c,5ead6184,1
4f794e12,4f5ea44c,5ec202f4,1
4e841aa7,4efb254e,5da60046,1
4eb59d79,4c9665af,5f154ff0,1
4e71ee34,4f09b9f6,5f58d1b3,1
4f7c556e,4f401d58,5e019961,1
4f1312c6,4f42740e,5bd564d0,1
4f64eb75,4dacad1a,5e022837,1
4ee73539,4ee9b0c0,5f3d5cfe,1
4d4ddc4c,4f1aa47b,5edf6dcd,1
4e88f4bd,4ef84a63,5d9a68fc,1
4f6eb929,4f195c5c,5e530f12,1
4f54ce25,4f395da9,5cf8b593,1
4eadb5ec,4ec89dfb,5e04d4e2,1
4ef68071,4f32e57b,5f0f02c9,1
4eeace00,4f38f24a,5f1a16d4,1
4eb4bfec,4ed24c18,5e082153,1
4f0fafca,4e783cbc,5eac4245,1
4ef696b9,4f446547,5ea9a24a,1
4e9e4597,4ef81f64,5e147b29,1
4d357c49,4e49de2f,5e0b5462,1
4e10a855,4f09834d,5ebd2cf3,1
4f26d55f,4e9ddab7,5e1966d2,1
4f19851b,4e11ca33,5c0f1c18,1
4f5acaa9,4f3dcf48,5d9b688e,1
4e20172a,4f792ad6,5e4dbec8,1
4f1a9634,4f6a92f4,5daedb4b,1
4eda946b,4f0eba3b,5f2238c6,1
4ee0fac2,4ef5c601,5e1bd151,1
4ebb2260,4f1902e2,5f0da608,1
4ec5f5b1,4f63b940,5e73baab,1
4f7232cf,4f791459,5e57fdfe,1
4f071bb4,4f0debbd,5e5fb34d,1
4f392e3e,4f201b2b,5eb0181b,1
4f31a070,4da90777,5f6ba6ab,1
4e532a94,4e1c4e97,5e95cd58,1
4f298189,4f1dd029,5ee7a11b,1
4ef3f8ef,4e98a15d,5d6a902f,1
4ec889ca,4d3e7e7b,5d00eec5,1
4f27355b,4f5606da,5ed0fc8a,1
4f2d3962,4f6f8e61,5e117596,1
4f7973a9,4dedea91,5c953958,1
4de7819a,4f5e2383,5f0bcb13,1
4f2eb66e,4da33448,5f2218e9,1
4ed26d3e,4e79e6d7,5de7d4a4,1
4eab22f1,4ebc64f9,5dc8e280,1
4f25dba5,4c2a5685,5d5ec3ac,1
4dacf29d,4f5d62d6,5dcd6a00,1
4f065c31,4f47389b,5dfbe252,1
4de27afb,4db32a4a,5bdcb7d3,1
4f4f727c,4f0212dd,5d959036,1
4de96516,4e896727,5ed11ebf,1
4ebe0067,4f5024f7,5c1e8167,1
4f730333,4f6ef756,5ed2ced8,1
4f45a1ba,4f6b7b02,5cfa8a48,1
4f60a80e,4f11a6f9,5e9a7bc3,1
4c348010,4eb65112,5f62d7c3,1
4cdb0f57,4f42d778,5f35ca6b,1
4f6ba01a,4f543ac1,5effa36e,1
4dc1c902,4f70cd36,5b808c34,1
4f1757be,4f409e93,5ca6ba00,1
4f2cc4f3,4f7b0ad9,5f4356a9,1
4ebdd4d1,4e33f7d8,5db647c8,1
4f627a40,4f6a79fc,5ee3bf1b,1
4efa6c61,4d9ec358,5f296c6c,1
4d739cd9,4f1eb21c,5d857396,1
4e9a8da6,4f77ef2e,5f4f6fa9,1
4ebf9349,4f1da944,5d1b4dfa,1
4f5a4f70,4e170ad2,5d17044b,1
4ea8a0da,4f0676b9,5e95af11,1
4f457078,4e3459ba,5e6bf7fd,1
4edf9fc8,4f33e542,5e00ce15,1
4f79b317,4f36da09,5e3124cc,1
4f237b4e,4e1f141b,5e0b1847,1
4f1a2ae9,4ed7ffa5,5e9d24fc,1
4f1f4eac,4eb694ff,5f3259fd,1
4f66bff7,4f707ef2,5dcb2cd8,1
4f651133,4e65dc94,5e8213fd,1
4f3057ff,4f06ea5f,5e633d4c,1
4f2b12d5,4e9d2a53,5f58c664,1
4eb5540d,4f2ae108,5e4dadc1,1
4f0408d1,4ee74747,5eb9df02,1
4dfc564c,4f276b4b,5e520daa,1
4f7d7059,4f32dca7,5e72126a,1
4f744da2,4f22412c,5e6e916f,1
4ec76564,4e2c7bbe,5da5060d,1
4e751651,4f3325ed,5f31128f,1
4e8c236a,4f294e46,5f1ad752,1
4e6168d3,4f3b90c8,5d865880,1
4e880477,4f486f1e,5e2b82e9,1
4ec66398,4f1f51c3,5e395c74,1
4f46d14a,4e5456b1,5e25270d,1
4cc1c70a,4e9fc998,5e54fd0d,1
4dd27c08,4f658241,5e76ee70,1
4f477a85,4e95c97b,5e24e8a5,1
4e833abd,4e3029ea,5bf1e66f,1
4e3390b7,4ecb6510,5dbcb40b,1
4db1dd5a,4e2a97dc,5e696e9c,1
4da12dcf,4d4dbb7e,5d349bbc,1
4e2ffef9,4eebf1e7,5d8eaaa4,1
4f658b18,4f6409ed,5c6d0d00,1
4e39f875,4ef18adb,5b8187ba,1
4eaa02bd,4ebe936b,5da2355c,1
4b8b905e,4f27f881,5f4c78c7,1
4e6c7e35,4f2100cb,5daf77c5,1
4f603876,4f711624,5dfd1fdd,1
4e138a25,4f3dc06c,5b37254f,1
4ed0724b,4f47ed10,5e14bc1a,1
4f74f9e3,4f6ff42a,5f53288b,1
4eac9bf0,4f251bdf,5ddab7c6,1
4f166a03,4d95e843,5ea2c9df,1
4e3bfb31,4f148998,5f659ef1,1
4d81cd2c,4ed38d66,5e5ea698,1
4f515c6d,4f235341,5d302856,1
4efc9663,4f5c5c58,5dda2482,1
4f624045,4ec0789e,5cd68799,1
4f38714a,4eca3a9d,5f0591ef,1
4f5b2289,4e4bd242,5ed96c59,1
4f4a520e,4f72d73d,5eaa1acd,1
4ed7506e,4dfd65ad,5e91b39f,1
4ece9ab3,4ef76f7a,5e2e785d,1
4dbd7800,4e5c7dff,5f3febac,1
4f5ba7c4,4ef249c5,5d552000,1
4e472087,4e75dc43,5e47b13a,1
4d0cef0d,4e83e6d3,5ca33060,1
4f503132,4f2b08be,5ecfe3e3,1
4f75d657,4efe6a3c,5d3f3d75,1
4df3e583,4e9e5fb2,5c113acd,1
4f450eb3,4f03c16f,5f0b17f8,1
4e799231,4ebc8dcb,5ef450ae,1
4f58a71e,4c9d46d8,5d16e2d2,1
4b2eea0c,4eb243ce,5ecad6d6,1
4f12a45e,4e63f8b5,5db7d197,1
4f33c292,4ccab6a1,5c851a71,1
4ec50e3e,4e9d1d05,5a739a20,1
4ddfdf32,4e213909,5e029636,1
4ebf6155,4f480326,5c8e57c4,1
4e2b3127,4f2aa4c6,5df1e024,1
4f336c19,4eed5967,5c8cfd3f,1
4e7a1b2f,4e8c4c8e,5e958664,1
4f47ff2b,4e4b7edc,5de439a7,1
4f54ee17,4ecb2df6,5ea659bb,1
4e1de243,4f67491f,5d8911a8,1
4f778d84,4ee63cc8,5e1efa72,1
4f229954,4f3894aa,5ea8ff06,1
4f7bc893,4eb37ffe,5e0ea443,1
4efaa794,4e758a99,5edea3eb,1
4ef1ea1a,4ee49c57,5eea7941,1
4e980d97,4f37361f,5eb08b21,1
4e19d2b2,4ee47278,5df06a14,1
4f54d235,4f4aa7a5,5e58083c,1
4d42eb95,4ddd60fd,5e59a3b8,1
4ece1b8a,4efb986d,5d89446e,1
4e927327,4e2c4318,5f28793c,1
4f65d092,4f2a528a,5ba88f38,1
4e86444f,4d9e33a5,5e4a8fb8,1
4eb429da,4d71397f,5d451780,1
4f7b055b,4eec90f5,5f18e699,1
4de44975,4f399fca,5ca5f27d,1
4e2d831d,4ef85207,5ca9c3dc,1
4f6a54d7,4e241fba,5ee7f713,1
4f08d419,4db7ebd4,5da58793,1
4f7bb85f,4e03c712,5da84e9c,1
4f04f2d8,4ef2ca2e,5e163b64,1
4f7a5af8,4f1241bf,5d449b53,1
4f71b4b3,4e105a22,5e019316,1
4f41ebc6,4e0131ea,5e7c2d1f,1
4eed6fe7,4e4afd82,5f0f082d,1
4c7a3493,4e5ddec6,5e084abe,1
4f5c379b,4f0941f1,5dc3bb3c,1
4f261ce4,4f5b0d36,5dbc456c,1
4d015602,4f2bf860,5b58d91e,1
4eec09a1,4eed1c18,5eec24f6,1
4f07908b,4f342e1d,5f0e2349,1
4dc4b459,4f5dfe6f,5cadc3de,1
4ede1051,4e749add,5e5a9ed1,1
4f5af589,4f141934,5ebed41a,1
4e94d8b9,4f2b9999,5daa9331,1
4f133de4,4eecc08c,5dd42de2,1
4f1f3581,4d70e4b9,5efd5703,1
4f22a35d,4e82065b,5e478c24,1
4f0bb0b8,4e03e1f2,5e882bcd,1
4f423da0,4ec41662,5d15d067,1
4e57095b,4c205728,5e2535fd,1
4c32d1e0,4d097f58,5d8fed71,1
4f1dfd58,4e8fbd73,5e94c82a,1
4efc10de,4f4ec537,5b06af0e,1
4f75fe32,4ed0e3c6,59c01688,1
4ef060fe,4f2d4bd5,5e316ade,1
4f6d969e,4f554974,5ecb97c1,1
4e3ad079,4f3fdb03,5ec8b967,1
4d7639ee,4ed3171b,5ea2b8c0,1
4dba65e0,4eb3f7af,5f45f27d,1
4be072d6,4f6340a1,5e0c015c,1
4db05876,4f0245ae,5ccb07f8,1
4eb8497d,4ee250e4,5d030993,1
4f69b1c2,4f6f78d7,5bc73e7d,1
4f581fa6,4f37c3dd,5d3379d7,1
4e3e42d0,4e9bdc6f,5e22eb1b,1
4d9bd638,4f759fd3,5f5a9b43,1
4e733dad,4f7fc389,5f1b23fa,1
4f77157d,4f79535a,5d67ac8f,1
4f5151d5,4f32130d,5d95854e,1
4e26ab37,4dcc31be,5e730439,1
4e3864b6,4ea5a99c,5f70a459,1
4f708206,4f470d4b,5f119a79,1
4f658402,4f17e652,5c84f0d2,1
4d950c21,4eb36b2d,5d6ea628,1
4f1927e6,4f25e706,5f3b018f,1
4efb4bb2,4f12c5db,5f082f5b,1
4f40cc57,4e56c12c,5cd0ebc2,1
4ec2b78b,4a0035e4,5ec681db,1
4f23fc3f,4ee2063f,5e901363,1
4f7f8eaf,4f0e8b36,5e21bc4b,1
49f595a8,4f117422,59430985,1
4f644e52,4f3eab1b,5e90c8af,1
4f2bb2fd,4e2415cc,5f0e4c1d,1
4cedd07e,4f134000,598b892c,1
4ed8f4bd,4e946d98,5f2a0ab9,1
4ea8bb31,4eac9ad0,5ddc1a91,1
4ee75970,4d9399f5,5c88ca2c,1
4ee1e6c9,4edf3622,5dfb94bc,1
4e623cbe,4f6bb406,5de3879d,1
4e9f48d9,4d1256d6,5d05637d,1
4f7e0028,4f5494e2,5e44f7cd,1
4eb5341e,4f4c0075,5e504cda,1
4ded9cb8,4f3ef7a8,5c361b26,1
4e9b8fa8,4dc33cba,5f52ebd9,1
4e8b52e6,4e3d9cb5,5e9065da,1
4dda3f5e,4eac2f02,5db1402e,1
4f4ace90,4eb026d3,5ced46a7,1
4f6e47b7,4f0f7ace,5d4e62f9,1
4f2af1bb,4e0330b9,5d12caa6,1
4ed9ad7c,4f4f1a21,5e8b8cc4,1
4e61c651,4edb7a2c,5f058c5d,1
4c64c820,4dfc53ee,5daf3477,1
4e3ef9cf,4f17931f,5eb0197e,1
4f2e4606,4f50c36c,5dc19066,1
4f7d5b9b,4f099e08,5ae18001,1
4f75a800,4f5704a2,5de22633,1
4f6d9dbb,4e30ab66,5f0e1ded,1
4f5f067d,4eaeed70,5f08326c,1
4e14c4c4,4e490598,5f4e548a,1
4f68dba3,4ec68ddc,5e23fb87,1
4f553c5a,4ec0d420,5e986543,1
4e909c5c,4e8488cc,5ce9a37c,1
4e438285,4f07ff47,5eb49ae9,1
4f74919f,4f438d97,5ea09df4,1
4eb7c360,4f000eb3,5d95bbcb,1
4ef2f8aa,4f7037bb,5dcfb992,1
4f3cf837,4f0cad72,5f3ad230,1
4e976db5,4e27df0b,5e37d87a,1
4f6c539d,4f4cdc29,5ee3fe04,1
4f4af0f7,4f6ccd7e,5ecfaf8b,1
4f7e6639,4f3b760e,5d469900,1
4f6f359b,4f233e3e,5f3d1dde,1
4eb3d34b,4e65c1e8,5f3bb90a,1
4f35081c,4f0e7f64,5f3a49fc,1
4e8b7686,4f184abc,5f18894a,1
4e05ee23,4f06869f,5da16437,1
4f011442,4e8273d3,5ec9892a,1
4f0461bf,4f7482b4,5e25ee2c,1
4f4e8d90,4f00b478,5d8cc228,1
4f6174ce,4df54419,5e038d60,1
4e27d42b,4be28782,5efce181,1
4d580265,4f3ca1e5,5ecfb0c8,1
4f424408,4eea0389,5dd800c2,1
4f5354eb,4f76a891,5a948224,1
4f2dfe7f,4f7c2735,5d1f2a5c,1
4f6e2bd3,4f1f5cff,5eb194de,1
4e81bf67,4e90f940,5f4b9ec1,1
4f6a831e,4d9aa756,5f2b612a,1
4e9ee97b,4f2931fc,5f1443bd,1
4f03f6db,4f2a88a9,5d92f3fb,1
4ef067ef,4f35548d,5d8dac2a,1
4f658c56,4eaee52f,5e520e52,1
4eebc72d,4f7e3849,5eafd0bf,1
4e1c675d,4f3258d8,5eaa48e2,1
4f0a91cf,4f5e6666,5e9cd2e3,1
4f10b6b9,4e2b58f6,5eea2375,1
4e8bb0af,4f6c506a,5dd9ec4c,1
4f1594cc,4eb2b4d1,5ef0c3bd,1
4ee5fe8b,4f71cdd5,5dc1b8ae,1
4e9e4997,4ed4030c,5e80f2c2,1
4f6c8a0e,4f4e47d2,5e50d639,1
4e721c7f,4ee7a855,5ed93d8d,1
4e05056a,4f3e0056,5e0316d3,1
4f4894ba,4f477e34,5f3e9973,1
4f0b874f,4f046a61,5ddb16e9,1
4eea4e71,4f18c62b,5dc57462,1
4f0c7226,4ebac006,5f1c4e7e,1
4eeb7c6b,4dab4a4f,5e90577f,1
4f65799c,4f1f0b86,5e8bd3f3,1
4f1c4491,4e8b2fd0,5e4ce891,1
4e5d1f0d,4ef72022,5d1d9076,1
4eb72ada,4f61ebe3,5f0e90dc,1
4f368da3,4d19740f,5e29ecd4,1
4f78296b,4f696d63,5dd574b6,1
4ea3b026,4f5736d1,5ea1a570,1
4e8788c0,4eac8ff1,5cdadad2,1
4f37f56f,4df13c48,5f6247bb,1
4f4dcb76,4ee51c56,5e899bfc,1
4e3093f3,4d49e42a,5db6b82b,1
4f1d3e0e,4f3d5cbc,5dad595e,1
4ec2737a,4f0e1be0,5eb82dc7,1
4f0c975e,4f656737,5c0b418a,1
4eb5904a,4e555130,5ee89f8c,1
4f13f4e6,4ebf864c,5e57e273,1
4f1ba97b,4dc71532,5efbf82c,1
4f09918a,4ec42db0,5d974aa2,1
4d5d3539,4f7fe429,5e5d62ab,1
4e8d951e,4f3a9ea2,5d721b43,1
4f0504ab,4f7683fa,5e52d7f5,1
4e46a9d9,4df0a0da,5d5d1d2a,1
4f1873d9,4e561377,5e4e6c26,1
4cb01cac,4eb9cf37,5f00170f,1
4ead85de,4e76c40b,5cbabc0e,1
4f6577e9,4e0ec9f6,5dfef8dd,1
4f632e21,4ec4b54b,5bffa68a,1
4e5b42fd,4ecb0cae,5da74385,1
4f024a01,4f3de5da,5dfffb15,1
4f223d97,4f08dc62,5eae9033,1
4e04efc8,4f0dd5a1,5dade8fa,1
4a90cac2,4f15e9ff,5ec14b3b,1
4f7792f4,4ef21887,5ead78c6,1
4e8463e4,4ec5ec40,5d934e00,1
4d2b5474,4f3ac36b,5a2994b7,1
4ebcd6e9,4f3c8b47,5eea20a2,1
4ebca626,4f20fc33,5dccb617,1
4f476bd2,4edcc244,5cf9fc4a,1
4e2db366,4f28894a,5e8b1490,1
4f37f6da,4f7eb14b,5e6d4361,1
4f1a5627,4f1b739a,5eabf7fd,1
4dfc8157,4f54b38f,5de4b5c4,1
4ec92efd,4ec26274,5f370653,1
4ea3d3a6,4f4b0411,5ebb6fb6,1
4f3ef19a,4dc4810a,5dd1cc37,1
4e8867a0,4f4b6a04,5e18c2fa,1
4f688b26,4ec391fc,5e81eb6e,1
4f11386d,4f498ec2,5d929139,1
4f557282,4f08d365,5e58c551,1
4e48162f,4f337f49,5eb1a699,1
4e9a5f33,4e0a70b6,5ee4ac91,1
4e057116,4ede14f1,5ee42a2d,1
4e6a2785,4f3b5b18,5e0c4afe,1
4eaf5728,4d9a06c3,5d26f691,1
4ea11d98,4f04c200,5d6785f7,1
4f37f80a,4f352167,5e2b5e30,1
4e076480,4f1e3c0e,5cd2fe1f,1
4f159709,4eb8a449,5e271ab5,1
4e47f48f,4f587367,5f022a60,1
4f6697e6,4f0ba819,5da75f93,1
4f770a92,4ee59afb,5e57c91b,1
4f628cda,4ecb605a,5e29107b,1
4f32c084,4f6b10f6,5efb97c8,1
4f1f129f,4f61c2e2,5edd9203,1
4e89f42a,4d321063,5eb3faf5,1
4f5017b1,4f336b06,5f242290,1
4ed2af3f,4eee0f3f,5f0c4876,1
4efd8ad6,4e05c26d,5c3fe933,1
4e0f6340,4f34bd0f,5f11d78f,1
4f22bb39,4ed69507,5e43eb78,1
4ebd7183,4f6091f1,5d8479b0,1
4f6318b4,4f75909a,5dca775b,1
4f4bd4e9,4eb5db91,5e88673d,1
4f2a0191,4bfbe65d,5ea62f52,1
4d221fe5,4f4a6625,5f59d6ea,1
4f314d56,4ec6a3c3,5e90cc5b,1
4f6d7bf2,4f63ec1d,5ba74884,1
4f4599f4,4eb07af5,5d002dda,1
4df811f2,4e1945dd,5e89933b,1
4e7d6746,4ef9f55b,5f536ff0,1
4f170ecf,4eb9a0b8,5e8838c0,1
4e09b6fb,4e5f96d8,5c94866c,1
4f323aca,4d357a7a,5df76c50,1
4e1e820f,4f17aa7c,5e5b1112,1
4ef7d49a,4f6af607,5cf08f14,1
4e883fb5,4f209b9b,5cfcb1ab,1
4f580ffa,4eece425,5dbbd08b,1
4e2136ef,4f455e64,5ee37681,1
4f209df1,4f513ad7,5e2af544,1
4eb608a5,4e199e81,5ec7ef47,1
4d9141df,4f73cf39,5df8956e,1
4c8d0b39,4e62d9e9,5f0345dc,1
4dff8603,4dfa380f,5d5a77bf,1
4d445a5b,4e1d3f57,5d8a571b,1
4f349c35,4e57ade3,5b79f7ee,1
4f6135dc,4d9c0d50,5c79c0d3,1
4f578eab,4f7b5eb6,5bf137fd,1
4f46a8d5,4f3d50ec,5e1829de,1
4f18b085,4f3be118,5d894888,1
4ef99d3d,4ea31824,5f53a8a1,1
4f7882b8,4e9bd402,5f12e971,1
4f63895a,4dbf8010,5ee01e65,1
4e37620b,4f1f3fe0,5e1f06a7,1
4f7d3748,4ee3c8f0,5e9744f3,1
4ebc1202,4effa912,5daa354d,1
4f0688e1,4dabd0f3,5de4274c,1
4ec83169,4e67b19e,5ee14ec5,1
4ec20504,4f79f00a,5e3bd225,1
4f03ee86,4d32e77e,5d34967a,1
4f102094,4f032188,5db52f7b,1
4e411887,4f033a29,5ebd6ccd,1
4f18854f,4ec611b3,5cb8664c,1
4e570823,4ef8ad91,5e93a719,1
4ec7181c,4ed5ded1,5dc5f6d7,1
4f3b85dc,4f665888,5e6c034d,1
4f2f0419,4e9aa0ad,5dd0e1ac,1
4d52a2eb,4df45294,5e265458,1
4f698e2f,4efb70a1,5f28bb1d,1
4f2107eb,4f7f74ba,5e536c9f,1
4cd900fe,4e92b6ef,5bc90739,1
4ea2fe57,4f1a496c,5ee56529,1
4f365200,4e94140d,5f20b04f,1
4e3920fd,4f12adc1,5bf8bb44,1
4f65607c,4f1c4583,5e44777f,1
4cd56f4f,4f372124,5e52eb5f,1
4f53ec2a,4f0a1620,5dd424ee,1
4f6cc97c,4e782fe6,5f0c0513,1
4f52b125,4f44893d,5c98ae32,1
4f0799da,4ea816e6,5ee49f3e,1
4f7d4624,4f4e28e9,5e658f7d,1
4debe33d,4e3c6560,5f21c093,1
4f45f2af,4e37b686,5e321230,1
4f22f99f,4ecb7082,5f4bf6ea,1
4f10f504,4f64a50a,5cad9849,1
4f7fb96d,4e85a065,5e0e0d9d,1
4ef26dde,4f25b3a7,5e818391,1
4f1b960a,4f2bd450,5f0177ab,1
4d7976aa,4e1382c2,5e857b8e,1
4f7ba1a4,4f1b0cb1,5e9ceaf1,1
4f51dfb0,4f60e21f,5ed0dc83,1
4f4c9261,4d2c6449,5c0fbe8e,1
4ed02d3c,4f00b873,5f186757,1
4f606161,4eea3b23,5f385d1a,1
4f70678a,4f02b8df,5d09c27c,1
4f1367e2,4ead27fb,5e515938,1
4e7ee649,4ea8d7b8,5ecd4cd7,1
4f6fe8a2,4e552d0e,5ef5845f,1
4ea0d14a,4ebc57ab,5e476872,1
4f6de067,4e9e7a68,5da81dea,1
4f000ad4,4f077de5,5e47c6c7,1
4f4255f8,4e9d1b2f,5deca189,1
4eb8ff5c,4e008bcf,5e93423d,1
4f776e78,4f4debc8,5e87895b,1
4f34ae82,4f71b53d,5e6e86b7,1
4e2cb8ca,4f0365a7,5d39c96c,1
4f4cb67d,4f190432,5f470759,1
4f77ad5f,4ebf726f,5f2a9832,1
4e55831a,4f57e3c3,5db14e49,1
4d835dfc,4e95af05,5ef4b8d7,1
4f0a7cb9,4f6b9ab5,5eb93910,1
4dcd7aca,4ef8f2e6,5e340f10,1
4e6c9138,4e1f19bb,5c999f06,1
4e8a2b18,4eb60f60,5efee85d,1
4e44deee,4f3494d0,5d47d1ea,1
4f275ed8,4f374ced,5d1305f8,1
4bed3a36,4f1db42d,5dc485de,1
4e4c5f97,4d7b5071,5e0adf30,1
4db9e884,4f66c646,5eefae2f,1
4f6b9fda,4f60cf9d,5b9223a9,1
4f3352ef,4e9edf3d,5c48a1f1,1
4f146078,4e4d9e41,5da796e3,1
4efa055f,4ef4e461,5f4eeaf5,1
4f7de073,4f500def,5e5e931e,1
4f1cb076,4eb1e9ee,5dee59f2,1
4f6c930d,4f24693b,5e6f2c2a,1
4f47e1fe,4f14631c,5f4e542e,1
4f09a7a4,4f5b7186,5e59ca5f,1
4ed8628a,4f1289e8,5f17ef73,1
4f54d364,4ebd5b39,5ee7b812,1
4f6e5aa1,4ea94176,5eebfee8,1
4f628386,4f6b3ae6,5e77b987,1
4e4a166b,4ac63ec4,5e9d6be7,1
4eaf2089,4d9125bd,5e9d96c7,1
4f01994a,4e412ea2,5f5022d9,1
4eff8fcd,4e393489,599c7ee2,1
4e15b0bd,4e54ffaf,5cc6967d,1
4e4e111d,4f53e21c,5dc39858,1
4dd1d17c,4f4c0a8f,5db8e35d,1
4f7dd98b,4e5349cc,5cf917bb,1
4f02e12a,4f1644f5,5e2a8e1c,1
4e6368b7,4f46e376,5da73b96,1
4f4a111d,4e9edfa4,5e51837a,1
4df20118,4f247562,5e99a65f,1
4f53c54c,4f085d6a,5e30ad0c,1
4f0b4d5a,4e9ea4a8,5e7ace2c,1
4f2be6da,4ed93e68,5d9b77aa,1
4e8b517b,4f4f9747,5ee19c2d,1
4df1b385,4f55e638,5e2ca6ad,1
4d1738fe,4f5d947b,5e91e096,1
4f473e8f,4f53fc98,5e61f26c,1
4f2942be,4e850ad3,5dc9f3b9,1
4eea6ef2,4e0780f2,5d02e3e8,1
4f6a679d,4e69e51c,5f24fd27,1
4d4b0292,4f1ff72b,5e2feda9,1
4d176fce,4ec005eb,5d782d2d,1
4f59f7bc,4e5d0649,5e562a16,1
4f07e31f,4e92c70d,5cfdb534,1
4f3d9062,4e92a74c,5c632eb5,1
4f48e9e2,4de541f5,5e3c3037,1
4f6a1f39,4f2fd0b3,5e1bd260,1
4f37c275,4e607031,5e593072,1
4e8b27ad,4d1e03e0,5db3ecfa,1
4ebb1041,4f64effc,5f20ca35,1
4f71dbe3,4f15703f,5e211aae,1
4eda28b7,4e226c6e,5c2bc92f,1
4f471401,4ea52dd9,5ea749d6,1
4d703284,4ec571d3,5f0d2f06,1
4eaf1e6d,4f73da71,5d8a6a2a,1
4e9c33d1,4f3448a5,5e80738b,1
4eb25b0d,4e52aa02,5cb941ab,1
4e38bfd8,4f087efc,5ea6cf4e,1
4f652667,4ea04728,5e5c0184,1
4edfd307,4e618c09,5d92c522,1
4eed1e1f,4f3f7f6d,5dc5031e,1
4ea4a451,4f2f1e30,5e8f77b1,1
4e647e78,4eb5e3f3,5dc532e8,1
4f382014,4caf235f,5eb15f80,1
4cf092a1,4e773d5a,5e613f7a,1
4ed34757,4e0c2276,5da258df,1
4e5b62f6,4e1c187d,5c7beebc,1
4e9109fc,4ed09352,5be85720,1
4f20b9bc,4f77026d,5d674ee8,1
4f7ede85,4ed863e4,5d05c54a,1
4f2a7991,4eae63a0,5dec5727,1
4f0f3b61,4dffe0b1,5f1b14ba,1
4e285656,4f46833e,5ed76f33,1
4edc84b6,4f6cc413,5e6841f0,1
4e5f3e9a,4ef2da8b,5d8f29dc,1
4dd55982,4f53173a,5e028913,1
4f3c4f24,4e595507,5ecbf33d,1
4df72e92,4ef21acf,5dd3c7c2,1
4adc56ba,4f64e7a4,5dafec21,1
4f54ae63,4f0dbd04,5e1fdda0,1
4d4216ce,4e04fb77,5d69c3e8,1
4e118763,4ecf31ee,5ac5049d,1
4f123b6f,4f1328da,5eeb8229,1
4f6cc66c,4d56e5d4,5bc9a4d1,1
4ecca225,4f6986a5,5d6b91b6,1
4f70c018,4ecbe4fd,5ea81eed,1
4f48d150,4ead6854,5d46c26f,1
4ede917d,4e71233a,5ebaab34,1
4f4be4b8,4e19ce47,5ebfbfac,1
4ebe0914,4d99e494,5e880749,1
4e4646f0,4eb1c237,5dd1a596,1
4f3e3ed3,4f125938,5df4fff9,1
4e0d7beb,4ef4adec,5ce47a35,1
4e2a3428,4f623d2f,5d89ad78,1
4f2bfe82,4f2c9997,5ed98443,1
4ebd9825,4f0e3a54,5d873a3b,1
4f5ac793,4d5f8e9e,5e166ab8,1
4e877f95,4f6fde73,5ee7ec5f,1
4f6dc1ad,4e831e2b,5e52ab2e,1
4d8eeff4,4f2d8ee5,5d3f0dba,1
4f37f4b4,4f5b193f,5e7debb3,1
4f486bcf,4dc6f1ac,5e738c40,1
4f6e0038,4ed1a793,5d41cfe1,1
4dcdab91,4f40ddc5,5f1d707a,1
4e0879f8,4e8eecec,5d9bc096,1
4ef38c52,4f2f933d,5ec2e9f8,1
4f31d6e9,4eff7196,5d9af2d8,1
4dc19005,4f2685af,5d1863eb,1
4ed487d7,4f3e20f7,5ea708ff,1
4f75b9b4,4f746a7d,5eb173fa,1
4e46fd41,4e85baf9,5d7bd0ee,1
4f0006c8,4cacb044,5e9dd82f,1
4f42cd0a,4f5bad3f,5f6a9b36,1
4f7bd773,4d526518,5d4fe5d0,1
4f7ab4b8,4f43779c,5c2cb96a,1
4def528a,4dd8f36d,5f27293c,1
4f0994ea,4f64ea90,5d4efa2f,1
4e4a886c,4dfd0580,5f3f6cca,1
4ec85c96,4f0a9271,5c4ad135,1
4f275a34,4e3732cb,5ef60d5f,1
4f16cfd1,4ce0f232,5cc82d2c,1
4e694452,4f32d6ad,5e58e90c,1
4f328626,4dfbe905,5def855e,1
4e0a842e,4e19f426,5c848484,1
4d9979dd,4ea85aae,5e22f51d,1
4f2561c4,4e3eb621,5dafac06,1
4eca242b,4e954e86,5ca69a34,1
4eaf2e2f,4f46989f,5cc9dcac,1
4f5f7164,4c08b207,5df66870,1
4e69d887,4f2d5f21,5debca1b,1
4e783d53,4e817dba,5e87e628,1
4f57faca,4f27a945,5bee9f40,1
4f0fa3da,4f3b40de,5e1e5e38,1
4f1e69ba,4ed7e1dd,5d7b21a2,1
4f326466,4f155ab1,5f0d7368,1
4f605784,4f25767a,5ed2222b,1
4f246a92,4f34d810,5e85968e,1
4cb1b88b,4f5d2236,5ed02744,1
4e476482,4ea5e59f,5f11003b,1
4f658a1b,4dfc29cc,5ee84b65,1
4f2eccca,4f528342,5c99840f,1
4f5cc50d,4c2888cb,5d8136a0,1
4ebbd6db,4f06fb6d,5de2196c,1
4e08279f,4f5a362d,5f0fbd9d,1
4f436d84,4f4b4fc4,5c115748,1
4f1b7f63,4ce6bd8c,5e4615e4,1
4f4eb8fa,4f326613,5de81d1b,1
4e2272c3,4f778c93,5f1b34bc,1
4e32c408,4ef05340,5c8c2795,1
4f0064ee,4f45c62b,5f100f0a,1
4f012409,4f49745b,5e1d15ee,1
4f1e3e4a,4ec89f7a,5da7d1e9,1
4f1ae429,4ec2476d,5ec6621d,1
4c4a8a52,4e2b7fc5,5ecb3ffa,1
4f706858,4eaffd6c,5e78067b,1
4f2a1759,4eb20e2f,5e6b183c,1
4e0dc1f5,4ebdbdae,5b07af7b,1
4d9c7980,4edeca19,5ea54550,1
4f2e4ebe,4eb88fbb,5e6c9b50,1
4f08c2d7,4e518c00,5d522274,1
4f422a72,4f18abdd,5d082ce4,1
4f17b5f0,4f69a6b1,5e7b54eb,1
4f4c1967,4eda3a26,5ddfe3b8,1
4f2c20d1,4f77f4ce,5ee7971b,1
4f40f9e1,4e8dd404,5f0a7760,1
4f50ce3a,4f18967f,5eadfbfd,1
4d257b84,4e0a5cc0,5f26b843,1
4f158742,4f30927a,5e55d2e5,1
4f65ba96,4d7feacf,5ef8ea65,1
4f744ed8,4f03e771,5bb2e113,1
4d485577,4f07b12c,5ece4517,1
4eecfa84,499f2168,5d65a791,1
4f422d83,4eda2351,5efbc26f,1
4c08e345,4f51f316,5cd45f6e,1
4f074ce1,4f300468,59134e84,1
4f3ae40c,4f600ab6,5ea5758b,1
4ed38a86,4e9a148e,5be0870d,1
4db9c520,4f4a6b7b,5eba0e5d,1
4f15d2a3,4e8dc5d1,5f238f5c,1
4eb44d32,4e70d485,5dfea4a1,1
4e13376f,4f7ebc84,5d92e389,1
4f663d20,4f05803f,5e25f192,1
4e3302a2,4ea80a0f,5da99e0c,1
4f2d63a0,4f1ce4e7,5e127d68,1
4e0a3ec3,4f4634c7,5ef02231,1
4f6cbf85,4f76aa3c,5d6b0185,1
4cf696fb,4e8d974f,5ed4877d,1
4f2eb393,4e4e1abd,5dd61216,1
4ec0e459,4e0e65e5,5f641d78,1
4e88a4d8,4e7dcced,5c0862e7,1
4dbd3bc6,4f7cd002,5e0ca6bf,1
4e7dcfe4,4eb29626,5d5696e0,1
4ebe40fd,4efc91bc,5d87784b,1
4c9fc888,4f4d33bc,5dbae098,1
4f02eabf,4e787371,5db10f6a,1
4e8c272f,4f41423b,5e3bb447,1
4eace3fc,4ea963a0,5c8013df,1
4eb4d4f6,4f4431ef,5dfe1ce4,1
4f50a63c,4f6068a4,5e539b99,1
4f7ad909,4f12258b,5de4cb93,1
4ccf6f21,4e978d68,5e8a9651,1
4b3ecd96,4f7b7505,5f36e6bd,1
4f28f2f1,4e99f3af,5f0f3490,1
4f461825,4f0489cb,5bf59a41,1
4f76cb31,4f7d4f6a,5b3b6ac9,1
4e1a734e,4ea57125,5e4b3408,1
4f4ee80b,4f656b62,5ecd1e26,1
4f010079,4e10b611,5f74335e,1
4d8bb47e,4f2ebaa0,5d47a128,1
4f4bb4c5,4f6a8b12,5f396c5c,1
4f74a8b7,4dba81d9,5d91d805,1
4e601194,4f449c68,5d3eb50c,1
4e8afdbd,4f7511eb,5f3aa1e5,1
4e0ef68b,4e00baa6,5db23ead,1
4f6d1c98,4ef2a7b0,5e2c165b,1
4ea0986b,4de82b5a,5e850e90,1
4f44d6fa,4f242629,5c8fc702,1
4f47e73d,4f61b741,5ee0c058,1
4f27794a,4a909bba,5d11a553,1
4e8de74c,4df52b8b,5efc6e1f,1
4f0133b3,4f64b326,5f304155,1
4f27dbe9,4b87b104,5a3d3433,1
4dc1b222,4f765390,5d07e67e,1
4ee1831e,4f30a4dc,5ee6d8eb,1
4f1c40c0,4f0e30fa,5b31f213,1
4f6a0811,4e20ff7a,5dba6066,1
4eefc2b8,4e68e89a,5e9b9b5e,1
4e2b5f71,4e1ee6c2,5ead939e,1
4f478857,4dc735e1,5e132e98,1
4f7772dd,4f0f956c,5dda224f,1
4ec60c7b,4f76c58f,5cd4bec2,1
4e208830,4f5ff639,5d9b44fa,1
4e883232,4f13ece0,5f0ac997,1
4d3fc16d,4eacbe7d,5ebee8d4,1
4f2e5880,4ee86074,5e0c7108,1
4ee3d30a,4e0d3530,5e1d65b0,1
4f33f745,4f57ddea,5c8164a4,1
4f63d816,4f0e876a,5e9e41e4,1
4f5bbdf5,4f5d5794,5d7b5523,1
4e5abc3b,4f62358d,5f17c0ab,1
4f63569b,4f26ee49,5efdb4c2,1
4ec0f1db,4f51a91f,5f3dfe29,1
4f638448,4f49d2c3,5e4147ed,1
4e8249c2,4ef3ff4f,5f143dc3,1
4f758ee6,4e71210f,5e9e04ea,1
4f1fde2f,4e9a62ae,5f335e2c,1
4d95f861,4d14fe8a,5df85be5,1
4f4523a1,4f2b79d3,5e674b3c,1
4f3efd0b,4f7fe80b,5e40d28f,1
4ec4c604,4cd9ff2a,5b2e916a,1
4ebc0b29,4eab2bec,5f040c9c,1
4f3d9089,4f7f0a45,5f3eeb2b,1
4efdc574,4f362737,5c278ffa,1
4ede39c6,4f624de5,5dfb776f,1
4e9c5445,4eb8a00c,5f3cda93,1
4e392a40,4db16c38,5eb49140,1
4f3e52ea,4d03b3a5,5ec4729e,1
4d004d59,4f5a1123,5de17c9b,1
4f0d8534,4edad823,5c80547c,1
4f38309b,4f72dd61,5cc3d3f8,1
4ecacc33,4c8375a4,5cda94e8,1
4f6b8095,4f1c6d53,5e71f5d4,1
4ec4775d,4f115b16,5f2ebd3a,1
4f1e2078,4f3ef395,5bd0475e,1
4dcbcba5,4e60c707,5f0fe6ec,1
4ed9d9bf,4f4175cc,5e5f1b05,1
4f39b737,4e5a5c06,5eebe51b,1
4f31c1f9,4e056cc9,5cb2f0a1,1
4e869804,4eebd9cd,5ea4a167,1
4f5f17a5,4f178418,5e1e68c7,1
4f07e246,4e6cd63d,5db94a9f,1
4d786d43,4eab1654,5df8001c,1
4f0878ab,4f6e39ac,5f040a0f,1
4f4ecf01,4f39a641,5dfb6ca0,1
4d2f1705,4f4b1056,5ca606a6,1
4f563d1e,4f603cc9,5efdfddb,1
4e5ed5f2,4ed21eb6,5f15f9e6,1
4ead043b,4f5fe925,5d0ae26d,1
4de1858e,4f69b0ce,5f3ba858,1
4ed4ffbb,4e1102f4,5db6e63c,1
4f53e8b6,4f131a66,5e975441,1
4ce6a10e,4f1f3f44,5dcdde4f,1
4ebe7ae7,4f344135,5d714e9b,1
4b06bce9,4f6d65bd,5ef388f5,1
4f318ac8,4f682bf2,5c8f7706,1
4dc580a4,4eeb2c33,5e861eef,1
4e007392,4de45ccd,5af9e4df,1
4ead1483,4f25adbd,5f21043f,1
4f13b377,4f68b50f,5d356f30,1
4ee4e354,4e3ecf82,5c652afc,1
4e5af25c,4ed3b5de,5e60075e,1
4f344f68,4f3cd359,5f06431a,1
4e5e5b2e,4e8c2086,5daa9a40,1
4f0a2452,4f567ff3,5db5114d,1
4c8bdae0,4e2fed39,5f04ff2c,1
4f19b5e6,4dc44ef0,5d736c39,1
4f4b649d,4f5b8652,5ee77ecf,1
4f1b9e51,4f37d8ec,5b40386f,1
4e90c0c9,4e363294,5d6bbd53,1
4ea25fa1,4f13824d,5f2e69ca,1
4f2dfaaa,4df43668,5edf8411,1
4c330d03,4f533d46,5d4e0b50,1
4f27ee8b,4eaa9860,5e3b1f1d,1
4f5b8711,4f2ddb10,5da5f7e3,1
4f142e59,4f1748af,5c13be94,1
4ea4c3a0,4f3935bd,5e5fd0b9,1
4ef35f77,4ef5d457,5f151620,1
4f2f874f,4f468c5b,5eaf22d1,1
4e6a0004,4d907ee3,5e6e67e9,1
4e7602bb,4bcb68ec,5e69b43a,1
4f4ffe19,4e4f4b47,5f0822e3,1
4f474fb8,4f2c6bf4,5c8413fd,1
4f597b7e,4e5b8251,5ac378fe,1
4f41665c,4f313540,5e286b9f,1
4df3b2dc,4ea87575,5f063d9b,1
4f74863d,4f1ce29a,5e3a7b5a,1
4f4ffe99,4e287577,5f05e000,1
4f36eef6,4cd23046,5d205d30,1
4d1e0561,4f54eba4,5f15da3e,1
4bafc016,4eb12c0d,5e08de84,1
4f6c3c4b,4f334475,5c963284,1
4eb4c2ae,4f3047ff,5d036de8,1
4ef850b8,4e1e7135,5af3441a,1
4e92bca8,4efbfd4b,5f256d54,1
4f5525b2,4e8da6fe,5e78f15b,1
4f29bf52,4f52cb39,5d99afa0,1
4f1de33f,4c43238d,5e107028,1
4e5c12eb,4f397b86,5e6be199,1
4f0c18c4,4f3fea7f,5f0bc5b1,1
4ea82eb2,4f18204e,5bf0b40c,1
4f637d89,4f16b8e8,5e1f73dc,1
4ebead6c,4bb92766,5ed20d9c,1
4ed81380,4f47a300,5e47e1e5,1
4ea02ff8,4f6a3474,5f05efde,1
4f4d50f6,4ea93af7,5b09e8ab,1
4f351811,4dbf1e2e,5ea880bc,1
4f402a10,4e0f3d2c,5e928cab,1
4f621c1c,4f6263f2,5e87b9bc,1
4e42cb25,4f145b19,5d87324e,1
4ecaa7dc,4cf9ec79,5dd70ad3,1
4f622c9b,4ef5cfa0,5f47f517,1
4ba1d0a2,4f47d97e,5de1c585,1
4d8183f5,4f097af1,5c45d877,1
4f746d49,4f57de71,5ed92c1f,1
4f5c9f46,4e30efb9,5b7ca54e,1
4f34558f,4f2dd4df,5d0b1ba1,1
4f7ee3df,4f7956ef,5f4e1c2a,1
4e9421ec,4ea819f6,5e187c18,1
4f4e7d9b,4f4b3bba,5ef4e78b,1
4d196dc7,4d975e26,5f784232,1
4e28a87c,4f569f90,5dc28a91,1
4f4d078c,4ed54a00,5f23edc6,1
4e3274ef,4ded5588,5b35705a,1
4f5c7ec4,4f04bbfa,5e0d65f7,1
4f3fb8d2,4f3fecb2,5eaad28b,1
4f28adbd,4f308ddc,5ca571e0,1
4f497fa2,4f4dc2e6,5ee4a689,1
4f1ed75e,4ea3953a,5f0fbc28,1
4f0b313c,4f69a110,5ee8a9d5,1
