3c23d70a, 00000000, 0
3c73cc8e, 00000000, 0
3ca1e109, 00000000, 0
3cc9dbcb, 00000000, 0
3cf1d68d, 00000000, 0
3d0ce8a7, 00000000, 0
3d20e608, 00000000, 0
3d34e369, 00000000, 0
3d48e0ca, 00000000, 0
3d5cde2b, 00000000, 0
3d70db8c, 00000000, 0
3d826c77, 00000000, 0
3d8c6b27, 40800000, 0
3d9669d7, 411fb868, 1
3da06888, 4102f0eb, 1
3daa6738, 40e396fb, 1
3db465e9, 40cb88c7, 1
3dbe6499, 40ba1a11, 1
3dc8634a, 40ac5c79, 1
3dd261fa, 40a12d61, 1
3ddc60ab, 40980f5d, 1
3de65f5b, 40907015, 1
3df05e0c, 4089cbc9, 1
3dfa5cbc, 4083bc0d, 1
3e022db6, 407d4887, 1
3e072d0f, 40745a26, 1
3e0c2c67, 406c284d, 1
3e112bbf, 4064a449, 1
3e162b17, 405dbfdb, 1
3e1b2a70, 40576d3b, 1
3e2029c8, 40519f13, 1
3e252920, 404c4886, 1
3e2a2878, 40475d28, 1
3e2f27d0, 4042d104, 1
3e342729, 403e989a, 1
3e392681, 403aa8dd, 1
3e3e25d9, 4036f739, 1
3e432531, 40336f22, 1
3e48248a, 40300978, 1
3e4d23e2, 402cd1ed, 1
3e52233a, 4029c5d3, 1
3e572292, 4026e28f, 1
3e5c21eb, 40242594, 1
3e612143, 40218c62, 1
3e66209b, 401f148b, 1
3e6b1ff3, 401cbbab, 1
3e701f4c, 401a7f71, 1
3e751ea4, 40185d98, 1
3e7a1dfc, 401653ea, 1
3e7f1d54, 40146040, 1
3e820e56, 40128083, 1
3e848e02, 4010b2a7, 1
3e870daf, 400ef4b2, 1
3e898d5b, 400d44b8, 1
3e8c0d07, 400ba0db, 1
3e8e8cb3, 400a074a, 1
3e910c5f, 40087645, 1
3e938c0b, 4006ec1c, 1
3e960bb7, 4005672a, 1
3e988b63, 4003ef5d, 1
3e9b0b0f, 400296cb, 1
3e9d8abc, 400147a1, 1
3ea00a68, 4000016c, 1
3ea28a14, 3ffda06d, 1
3ea509c0, 3ffb507b, 1
3ea7896c, 3ff90d0d, 1
3eaa0918, 3ff6d5ea, 1
3eac88c4, 3ff4aad3, 1
3eaf0870, 3ff28b8e, 1
3eb1881d, 3ff077dd, 1
3eb407c9, 3fee6f85, 1
3eb68775, 3fec724e, 1
3eb90721, 3fea7ffd, 1
3ebb86cd, 3fe89857, 1
3ebe0679, 3fe6bb22, 1
3ec08625, 3fe4e827, 1
3ec305d1, 3fe31f2d, 1
3ec5857d, 3fe15ffc, 1
3ec8052a, 3fdfaa5d, 1
3eca84d6, 3fddfe1a, 1
3ecd0482, 3fdc5afa, 1
3ecf842e, 3fdac0c8, 1
3ed203da, 3fd92f4e, 1
3ed48386, 3fd7a658, 1
3ed70332, 3fd625b1, 1
3ed982de, 3fd4ad26, 1
3edc028b, 3fd33c80, 1
3ede8237, 3fd1d38d, 1
3ee101e3, 3fd0721b, 1
3ee3818f, 3fcf17f7, 1
3ee6013b, 3fcdc4f0, 1
3ee880e7, 3fcc78d2, 1
3eeb0093, 3fcb336f, 1
3eed803f, 3fc9f494, 1
3eefffec, 3fc8bc12, 1
3ef27f98, 3fc789ba, 1
3ef4ff44, 3fc65d5b, 1
3ef77ef0, 3fc536c8, 1
3ef9fe9c, 3fc415d1, 1
3efc7e48, 3fc2fa4a, 1
3efefdf4, 3fc1e404, 1
3f00bed0, 3fc0d2d3, 1
3f01fea6, 3fbfc68a, 1
3f033e7c, 3fbebefd, 1
3f047e52, 3fbdbc01, 1
3f05be28, 3fbcbd6b, 1
3f06fdfe, 3fbbc310, 1
3f083dd5, 3fbaccc5, 1
3f097dab, 3fb9da62, 1
3f0abd81, 3fb8ebbc, 1
3f0bfd57, 3fb800ac, 1
3f0d3d2d, 3fb71907, 1
3f0e7d03, 3fb634a6, 1
3f0fbcd9, 3fb55364, 1
3f10fcaf, 3fb4716d, 1
3f123c85, 3fb39009, 1
3f137c5b, 3fb2b1b5, 1
3f14bc31, 3fb1d664, 1
3f15fc07, 3fb0fe0c, 1
3f173bdd, 3fb028a2, 1
3f187bb3, 3faf561b, 1
3f19bb89, 3fae866d, 1
3f1afb5f, 3fadb98c, 1
3f1c3b35, 3facef6f, 1
3f1d7b0c, 3fac280b, 1
3f1ebae2, 3fab6355, 1
3f1ffab8, 3faaa142, 1
3f213a8e, 3fa9e1c8, 1
3f227a64, 3fa924de, 1
3f23ba3a, 3fa86a77, 1
3f24fa10, 3fa7b28b, 1
3f2639e6, 3fa6fd10, 1
3f2779bc, 3fa649fa, 1
3f28b992, 3fa59940, 1
3f29f968, 3fa4ead8, 1
3f2b393e, 3fa43eb8, 1
3f2c7914, 3fa394d5, 1
3f2db8ea, 3fa2ed27, 1
3f2ef8c0, 3fa247a3, 1
3f303896, 3fa1a440, 1
3f31786c, 3fa102f3, 1
3f32b843, 3fa063b4, 1
3f33f819, 3f9fc67a, 1
3f3537ef, 3f9f2b39, 1
3f3677c5, 3f9e91e9, 1
3f37b79b, 3f9dfa80, 1
3f38f771, 3f9d64f6, 1
3f3a3747, 3f9cd141, 1
3f3b771d, 3f9c3f56, 1
3f3cb6f3, 3f9baf2f, 1
3f3df6c9, 3f9b20c1, 1
3f3f369f, 3f9a9403, 1
3f407675, 3f9a08ec, 1
3f41b64b, 3f997f73, 1
3f42f621, 3f98f790, 1
3f4435f7, 3f98713b, 1
3f4575cd, 3f97ec68, 1
3f46b5a4, 3f976912, 1
3f47f57a, 3f96e72d, 1
3f493550, 3f9666b3, 1
3f4a7526, 3f95e79a, 1
3f4bb4fc, 3f9569da, 1
3f4cf4d2, 3f94ed6b, 1
3f4e34a8, 3f947244, 1
3f4f747e, 3f93f85d, 1
3f50b454, 3f937fad, 1
3f51f42a, 3f93082d, 1
3f533400, 3f9291d4, 1
3f5473d6, 3f921c9b, 1
3f55b3ac, 3f91a878, 1
3f56f382, 3f913564, 1
3f583358, 3f90c359, 1
3f59732e, 3f90524d, 1
3f5ab304, 3f8fe238, 1
3f5bf2db, 3f8f7314, 1
3f5d32b1, 3f8f04d8, 1
3f5e7287, 3f8e977c, 1
3f5fb25d, 3f8e2afa, 1
3f60f233, 3f8dbf49, 1
3f623209, 3f8d5463, 1
3f6371df, 3f8cea3f, 1
3f64b1b5, 3f8c80d7, 1
3f65f18b, 3f8c1823, 1
3f673161, 3f8bb01c, 1
3f687137, 3f8b48ba, 1
3f69b10d, 3f8ae1f7, 1
3f6af0e3, 3f8a7bcc, 1
3f6c30b9, 3f8a1631, 1
3f6d708f, 3f89b120, 1
3f6eb065, 3f894c93, 1
3f6ff03b, 3f88e881, 1
3f713012, 3f8884e4, 1
3f726fe8, 3f8821b6, 1
3f73afbe, 3f87bef0, 1
3f74ef94, 3f875c8c, 1
3f762f6a, 3f86fa82, 1
3f776f40, 3f8698cd, 1
3f78af16, 3f863765, 1
3f79eeec, 3f85d644, 1
3f7b2ec2, 3f857566, 1
3f7c6e98, 3f8514c1, 1
3f7dae6e, 3f84b452, 1
3f7eee44, 3f845412, 1
3f80170d, 3f83fc39, 1
3f80b6f8, 3f83a516, 1
3f8156e3, 3f834e8e, 1
3f81f6ce, 3f82f8a0, 1
3f8296b9, 3f82a34b, 1
3f8336a4, 3f824e8e, 1
3f83d68f, 3f81fa65, 1
3f84767a, 3f81a6d0, 1
3f851665, 3f8153cb, 1
3f85b650, 3f810157, 1
3f86563b, 3f80af70, 1
3f86f626, 3f805e15, 1
3f879611, 3f800d45, 1
3f8835fd, 3f7f7b1e, 1
3f88d5e8, 3f7ee36d, 1
3f8975d3, 3f7e4c89, 1
3f8a15be, 3f7db672, 1
3f8ab5a9, 3f7d2127, 1
3f8b5594, 3f7c8ca8, 1
3f8bf57f, 3f7bf8f3, 1
3f8c956a, 3f7b6608, 1
3f8d3555, 3f7ad3e5, 1
3f8dd540, 3f7a428a, 1
3f8e752b, 3f79b1f6, 1
3f8f1516, 3f792226, 1
3f8fb501, 3f78931d, 1
3f9054ec, 3f7804d4, 1
3f90f4d7, 3f777750, 1
3f9194c2, 3f76ea91, 1
3f9234ad, 3f765e8e, 1
3f92d498, 3f75d34f, 1
3f937483, 3f7548cc, 1
3f94146e, 3f74bf08, 1
3f94b459, 3f743601, 1
3f955444, 3f73adb8, 1
3f95f42f, 3f73262a, 1
3f96941a, 3f729f55, 1
3f973405, 3f721939, 1
3f97d3f0, 3f7193d6, 1
3f9873db, 3f710f2c, 1
3f9913c6, 3f708b38, 1
3f99b3b1, 3f7007fa, 1
3f9a539c, 3f6f8570, 1
3f9af387, 3f6f039a, 1
3f9b9372, 3f6e8276, 1
3f9c335d, 3f6e0207, 1
3f9cd348, 3f6d8246, 1
3f9d7334, 3f6d0337, 1
3f9e131f, 3f6c84d8, 1
3f9eb30a, 3f6c0727, 1
3f9f52f5, 3f6b8a24, 1
3f9ff2e0, 3f6b0dcc, 1
3fa092cb, 3f6a9221, 1
3fa132b6, 3f6a1721, 1
3fa1d2a1, 3f699cca, 1
3fa2728c, 3f69231c, 1
3fa31277, 3f68aa17, 1
3fa3b262, 3f6831b9, 1
3fa4524d, 3f67ba02, 1
3fa4f238, 3f6742ef, 1
3fa59223, 3f66cc81, 1
3fa6320e, 3f6656b6, 1
3fa6d1f9, 3f65e18f, 1
3fa771e4, 3f656d0b, 1
3fa811cf, 3f64f927, 1
3fa8b1ba, 3f6485e3, 1
3fa951a5, 3f64133e, 1
3fa9f190, 3f63a138, 1
3faa917b, 3f632fd0, 1
3fab3166, 3f62bf04, 1
3fabd151, 3f624ed4, 1
3fac713c, 3f61df3f, 1
3fad1127, 3f617044, 1
3fadb112, 3f6101e3, 1
3fae50fd, 3f609419, 1
3faef0e8, 3f6026e7, 1
3faf90d3, 3f5fba4c, 1
3fb030be, 3f5f4e47, 1
3fb0d0a9, 3f5ee2d7, 1
3fb17094, 3f5e77f9, 1
3fb21080, 3f5e0db0, 1
3fb2b06b, 3f5da3fa, 1
3fb35056, 3f5d3ad5, 1
3fb3f041, 3f5cd241, 1
3fb4902c, 3f5c6a3c, 1
3fb53017, 3f5c02c6, 1
3fb5d002, 3f5b9bdf, 1
3fb66fed, 3f5b3584, 1
3fb70fd8, 3f5acfb8, 1
3fb7afc3, 3f5a6a75, 1
3fb84fae, 3f5a05be, 1
3fb8ef99, 3f59a191, 1
3fb98f84, 3f593ded, 1
3fba2f6f, 3f58dad1, 1
3fbacf5a, 3f58783d, 1
3fbb6f45, 3f58162f, 1
3fbc0f30, 3f57b4a7, 1
3fbcaf1b, 3f5753a4, 1
3fbd4f06, 3f56f326, 1
3fbdeef1, 3f56932c, 1
3fbe8edc, 3f5633b3, 1
3fbf2ec7, 3f55d4bd, 1
3fbfceb2, 3f557647, 1
3fc06e9d, 3f551852, 1
3fc10e88, 3f54badb, 1
3fc1ae73, 3f545de4, 1
3fc24e5e, 3f54016a, 1
3fc2ee49, 3f53a56d, 1
3fc38e34, 3f5349ec, 1
3fc42e1f, 3f52eee6, 1
3fc4ce0a, 3f52945b, 1
3fc56df5, 3f523a4b, 1
3fc60de0, 3f51e0b2, 1
3fc6adcb, 3f518791, 1
3fc74db7, 3f512ee9, 1
3fc7eda2, 3f50d6b6, 1
3fc88d8d, 3f507efa, 1
3fc92d78, 3f5027b3, 1
3fc9cd63, 3f4fd0df, 1
3fca6d4e, 3f4f7a80, 1
3fcb0d39, 3f4f2493, 1
3fcbad24, 3f4ecf18, 1
3fcc4d0f, 3f4e7a0d, 1
3fccecfa, 3f4e2574, 1
3fcd8ce5, 3f4dd149, 1
3fce2cd0, 3f4d7d8e, 1
3fceccbb, 3f4d2a40, 1
3fcf6ca6, 3f4cd75f, 1
3fd00c91, 3f4c84eb, 1
3fd0ac7c, 3f4c32e3, 1
3fd14c67, 3f4be146, 1
3fd1ec52, 3f4b9012, 1
3fd28c3d, 3f4b3f49, 1
3fd32c28, 3f4aeee8, 1
3fd3cc13, 3f4a9eef, 1
3fd46bfe, 3f4a4f5d, 1
3fd50be9, 3f4a0032, 1
3fd5abd4, 3f49b16b, 1
3fd64bbf, 3f49630b, 1
3fd6ebaa, 3f49150e, 1
3fd78b95, 3f48c775, 1
3fd82b80, 3f487a3e, 1
3fd8cb6b, 3f482d6a, 1
3fd96b56, 3f47e0f7, 1
3fda0b41, 3f4794e4, 1
3fdaab2c, 3f474930, 1
3fdb4b17, 3f46fddc, 1
3fdbeb02, 3f46b2e5, 1
3fdc8aee, 3f46684e, 1
3fdd2ad9, 3f461e12, 1
3fddcac4, 3f45d432, 1
3fde6aaf, 3f458aae, 1
3fdf0a9a, 3f454185, 1
3fdfaa85, 3f44f8b5, 1
3fe04a70, 3f44b03e, 1
3fe0ea5b, 3f446820, 1
3fe18a46, 3f44205a, 1
3fe22a31, 3f43d8ea, 1
3fe2ca1c, 3f4391d2, 1
3fe36a07, 3f434b0e, 1
3fe409f2, 3f4304a1, 1
3fe4a9dd, 3f42be85, 1
3fe549c8, 3f4278bf, 1
3fe5e9b3, 3f42334b, 1
3fe6899e, 3f41ee29, 1
3fe72989, 3f41a958, 1
3fe7c974, 3f4164da, 1
3fe8695f, 3f4120aa, 1
3fe9094a, 3f40dcc9, 1
3fe9a935, 3f409937, 1
3fea4920, 3f4055f4, 1
3feae90b, 3f4012fd, 1
3feb88f6, 3f3fd053, 1
3fec28e1, 3f3f8df4, 1
3fecc8cc, 3f3f4be2, 1
3fed68b7, 3f3f0a1a, 1
3fee08a2, 3f3ec89b, 1
3feea88d, 3f3e8765, 1
3fef4878, 3f3e4678, 1
3fefe863, 3f3e05d3, 1
3ff0884e, 3f3dc575, 1
3ff1283a, 3f3d855d, 1
3ff1c825, 3f3d458c, 1
3ff26810, 3f3d05fe, 1
3ff307fb, 3f3cc6b6, 1
3ff3a7e6, 3f3c87b2, 1
3ff447d1, 3f3c48ef, 1
3ff4e7bc, 3f3c0a71, 1
3ff587a7, 3f3bcc33, 1
3ff62792, 3f3b8e37, 1
3ff6c77d, 3f3b507c, 1
3ff76768, 3f3b1300, 1
3ff80753, 3f3ad5c3, 1
3ff8a73e, 3f3a98c5, 1
3ff94729, 3f3a5c05, 1
3ff9e714, 3f3a1f81, 1
3ffa86ff, 3f39e33c, 1
3ffb26ea, 3f39a731, 1
3ffbc6d5, 3f396b62, 1
3ffc66c0, 3f392fcd, 1
3ffd06ab, 3f38f473, 1
3ffda696, 3f38b952, 1
3ffe4681, 3f387e6a, 1
3ffee66c, 3f3843ba, 1
3fff8657, 3f380941, 1
40001321, 3f37cf00, 1
40006317, 3f3794f4, 1
4000b30c, 3f375b1e, 1
40010302, 3f37217d, 1
400152f7, 3f36e811, 1
4001a2ed, 3f36aed8, 1
4001f2e2, 3f3675d2, 1
400242d8, 3f363cff, 1
400292cd, 3f36045e, 1
4002e2c3, 3f35cbef, 1
400332b8, 3f3593af, 1
400382ae, 3f355ba0, 1
4003d2a3, 3f3523c0, 1
40042299, 3f34ebb1, 1
4004728e, 3f34b2a3, 1
4004c284, 3f3479c7, 1
40051279, 3f34411c, 1
4005626f, 3f3408a4, 1
4005b264, 3f33d05d, 1
4006025a, 3f339846, 1
4006524f, 3f336061, 1
4006a245, 3f3328ac, 1
4006f23a, 3f32f128, 1
40074230, 3f32b9d4, 1
40079225, 3f3282b1, 1
4007e21b, 3f324bbe, 1
40083210, 3f3214fb, 1
40088206, 3f31de68, 1
4008d1fc, 3f31a803, 1
400921f1, 3f3171cf, 1
400971e7, 3f313bca, 1
4009c1dc, 3f3105f4, 1
400a11d2, 3f30d04c, 1
400a61c7, 3f309ad3, 1
400ab1bd, 3f30658a, 1
400b01b2, 3f30306f, 1
400b51a8, 3f2ffb81, 1
400ba19d, 3f2fc6c2, 1
400bf193, 3f2f9230, 1
400c4188, 3f2f5dcd, 1
400c917e, 3f2f2996, 1
400ce173, 3f2ef58e, 1
400d3169, 3f2ec1b2, 1
400d815e, 3f2e8e03, 1
400dd154, 3f2e5a83, 1
400e2149, 3f2e272e, 1
400e713f, 3f2df405, 1
400ec134, 3f2dc109, 1
400f112a, 3f2d8e3a, 1
400f611f, 3f2d5b96, 1
400fb115, 3f2d291f, 1
4010010a, 3f2cf6d2, 1
40105100, 3f2cc4b2, 1
4010a0f5, 3f2c92bd, 1
4010f0eb, 3f2c60f3, 1
401140e0, 3f2c2f54, 1
401190d6, 3f2bfde1, 1
4011e0cb, 3f2bcc98, 1
401230c1, 3f2b9b7a, 1
401280b6, 3f2b6a85, 1
4012d0ac, 3f2b39bb, 1
401320a2, 3f2b091c, 1
40137097, 3f2ad8a6, 1
4013c08d, 3f2aa859, 1
40141082, 3f2a7838, 1
40146078, 3f2a483f, 1
4014b06d, 3f2a186f, 1
40150063, 3f29e8c8, 1
40155058, 3f29b94b, 1
4015a04e, 3f2989f6, 1
4015f043, 3f295ac9, 1
40164039, 3f292bc5, 1
4016902e, 3f28fcea, 1
4016e024, 3f28ce37, 1
40173019, 3f289fab, 1
4017800f, 3f287148, 1
4017d004, 3f28430b, 1
40181ffa, 3f2814f7, 1
40186fef, 3f27e70a, 1
4018bfe5, 3f27b945, 1
40190fda, 3f278ba6, 1
40195fd0, 3f275e2e, 1
4019afc5, 3f2730dc, 1
4019ffbb, 3f2703b2, 1
401a4fb0, 3f26d6ad, 1
401a9fa6, 3f26a9d0, 1
401aef9b, 3f267d17, 1
401b3f91, 3f265085, 1
401b8f86, 3f262419, 1
401bdf7c, 3f25f7d3, 1
401c2f71, 3f25cbb1, 1
401c7f67, 3f259fb6, 1
401ccf5c, 3f2573de, 1
401d1f52, 3f25482d, 1
401d6f48, 3f251ca0, 1
401dbf3d, 3f24f138, 1
401e0f33, 3f24c5f4, 1
401e5f28, 3f249ad4, 1
401eaf1e, 3f246fd9, 1
401eff13, 3f244502, 1
401f4f09, 3f241a4f, 1
401f9efe, 3f23efbf, 1
401feef4, 3f23c553, 1
40203ee9, 3f239b0b, 1
40208edf, 3f2370e5, 1
4020ded4, 3f2346e4, 1
40212eca, 3f231d04, 1
40217ebf, 3f22f347, 1
4021ceb5, 3f22c9ae, 1
40221eaa, 3f22a037, 1
40226ea0, 3f2276e3, 1
4022be95, 3f224db0, 1
40230e8b, 3f2224a0, 1
40235e80, 3f21fbb1, 1
4023ae76, 3f21d2e4, 1
4023fe6b, 3f21aa39, 1
40244e61, 3f2181af, 1
40249e56, 3f215947, 1
4024ee4c, 3f213100, 1
40253e41, 3f2108d9, 1
40258e37, 3f20e0d4, 1
4025de2c, 3f20b8ef, 1
40262e22, 3f20912b, 1
40267e17, 3f206987, 1
4026ce0d, 3f204204, 1
40271e02, 3f201aa0, 1
40276df8, 3f1ff35d, 1
4027bdee, 3f1fcc39, 1
40280de3, 3f1fa536, 1
40285dd9, 3f1f7e50, 1
4028adce, 3f1f578c, 1
4028fdc4, 3f1f30e6, 1
40294db9, 3f1f0a5f, 1
40299daf, 3f1ee3f7, 1
4029eda4, 3f1ebdae, 1
402a3d9a, 3f1e9784, 1
402a8d8f, 3f1e7178, 1
402add85, 3f1e4b8a, 1
402b2d7a, 3f1e25bb, 1
402b7d70, 3f1e0009, 1
402bcd65, 3f1dda76, 1
402c1d5b, 3f1db500, 1
402c6d50, 3f1d8fa8, 1
402cbd46, 3f1d6a6e, 1
402d0d3b, 3f1d4550, 1
402d5d31, 3f1d2051, 1
402dad26, 3f1cfb6d, 1
402dfd1c, 3f1cd6a7, 1
402e4d11, 3f1cb1fd, 1
402e9d07, 3f1c8d71, 1
402eecfc, 3f1c6900, 1
402f3cf2, 3f1c44ac, 1
402f8ce7, 3f1c2074, 1
402fdcdd, 3f1bfc59, 1
40302cd2, 3f1bd858, 1
40307cc8, 3f1bb474, 1
4030ccbd, 3f1b90ab, 1
40311cb3, 3f1b6cff, 1
40316ca8, 3f1b496c, 1
4031bc9e, 3f1b25f6, 1
40320c93, 3f1b029a, 1
40325c89, 3f1adf5a, 1
4032ac7f, 3f1abc34, 1
4032fc74, 3f1a9928, 1
40334c6a, 3f1a7638, 1
40339c5f, 3f1a5361, 1
4033ec55, 3f1a30a5, 1
40343c4a, 3f1a0e03, 1
40348c40, 3f19eb7a, 1
4034dc35, 3f19c90b, 1
40352c2b, 3f19a6b6, 1
40357c20, 3f19847b, 1
4035cc16, 3f196259, 1
40361c0b, 3f194050, 1
40366c01, 3f191e60, 1
4036bbf6, 3f18fc89, 1
40370bec, 3f18dacc, 1
40375be1, 3f18b926, 1
4037abd7, 3f189799, 1
4037fbcc, 3f187625, 1
40384bc2, 3f1854c9, 1
40389bb7, 3f183385, 1
4038ebad, 3f181259, 1
40393ba2, 3f17f145, 1
40398b98, 3f17d048, 1
4039db8d, 3f17af64, 1
403a2b83, 3f178e96, 1
403a7b78, 3f176de0, 1
403acb6e, 3f174d41, 1
403b1b63, 3f172cb9, 1
403b6b59, 3f170c48, 1
403bbb4e, 3f16ebef, 1
403c0b44, 3f16cbaa, 1
403c5b39, 3f16ab7e, 1
403cab2f, 3f168b67, 1
403cfb25, 3f166b67, 1
403d4b1a, 3f164b7d, 1
403d9b10, 3f162ba8, 1
403deb05, 3f160bea, 1
403e3afb, 3f15ec41, 1
403e8af0, 3f15ccae, 1
403edae6, 3f15ad30, 1
403f2adb, 3f158dc8, 1
403f7ad1, 3f156e74, 1
403fcac6, 3f154f37, 1
40401abc, 3f15300d, 1
40406ab1, 3f1510f9, 1
4040baa7, 3f14f1f9, 1
40410a9c, 3f14d30d, 1
40415a92, 3f14b437, 1
4041aa87, 3f149574, 1
4041fa7d, 3f1476c6, 1
40424a72, 3f14582b, 1
40429a68, 3f1439a5, 1
4042ea5d, 3f141b32, 1
40433a53, 3f13fcd3, 1
40438a48, 3f13de87, 1
4043da3e, 3f13c04f, 1
40442a33, 3f13a22a, 1
40447a29, 3f138418, 1
4044ca1e, 3f136619, 1
40451a14, 3f13482d, 1
40456a09, 3f132a53, 1
4045b9ff, 3f130c8d, 1
404609f4, 3f12eed8, 1
404659ea, 3f12d137, 1
4046a9df, 3f12b3a7, 1
4046f9d5, 3f129629, 1
404749cb, 3f1278be, 1
404799c0, 3f125b64, 1
4047e9b6, 3f123e1c, 1
404839ab, 3f1220e6, 1
404889a1, 3f1203c0, 1
4048d996, 3f11e6ad, 1
4049298c, 3f11c9aa, 1
40497981, 3f11acb9, 1
4049c977, 3f118fd8, 1
404a196c, 3f117309, 1
404a6962, 3f11564a, 1
404ab957, 3f11399c, 1
404b094d, 3f111cfe, 1
404b5942, 3f110070, 1
404ba938, 3f10e3f4, 1
404bf92d, 3f10c787, 1
404c4923, 3f10ab29, 1
404c9918, 3f108edc, 1
404ce90e, 3f10729f, 1
404d3903, 3f105671, 1
404d88f9, 3f103a53, 1
404dd8ee, 3f101e44, 1
404e28e4, 3f100244, 1
404e78d9, 3f0fe654, 1
404ec8cf, 3f0fca73, 1
404f18c4, 3f0fae9f, 1
404f68ba, 3f0f92dc, 1
404fb8af, 3f0f7726, 1
405008a5, 3f0f5b80, 1
4050589a, 3f0f3fe8, 1
4050a890, 3f0f245e, 1
4050f885, 3f0f08e2, 1
4051487b, 3f0eed74, 1
40519870, 3f0ed214, 1
4051e866, 3f0eb6c3, 1
4052385c, 3f0e9b7e, 1
40528851, 3f0e8048, 1
4052d847, 3f0e651e, 1
4053283c, 3f0e4a02, 1
40537832, 3f0e2ef4, 1
4053c827, 3f0e13f3, 1
4054181d, 3f0df8fe, 1
40546812, 3f0dde17, 1
4054b808, 3f0dc33c, 1
405507fd, 3f0da86e, 1
405557f3, 3f0d8dac, 1
4055a7e8, 3f0d72f7, 1
4055f7de, 3f0d584e, 1
405647d3, 3f0d3db1, 1
405697c9, 3f0d2321, 1
4056e7be, 3f0d089c, 1
405737b4, 3f0cee23, 1
405787a9, 3f0cd3b6, 1
4057d79f, 3f0cb955, 1
40582794, 3f0c9efe, 1
4058778a, 3f0c84b4, 1
4058c77f, 3f0c6a75, 1
40591775, 3f0c5041, 1
4059676a, 3f0c3617, 1
4059b760, 3f0c1bfa, 1
405a0755, 3f0c01e6, 1
405a574b, 3f0be7de, 1
405aa740, 3f0bcddf, 1
405af736, 3f0bb3ec, 1
405b472b, 3f0b9a03, 1
405b9721, 3f0b8024, 1
405be716, 3f0b664f, 1
405c370c, 3f0b4c85, 1
405c8702, 3f0b32c3, 1
405cd6f7, 3f0b190d, 1
405d26ed, 3f0aff60, 1
405d76e2, 3f0ae5bb, 1
405dc6d8, 3f0acc21, 1
405e16cd, 3f0ab291, 1
405e66c3, 3f0a9909, 1
405eb6b8, 3f0a7f8b, 1
405f06ae, 3f0a6616, 1
405f56a3, 3f0a4ca9, 1
405fa699, 3f0a3346, 1
405ff68e, 3f0a19ec, 1
40604684, 3f0a009a, 1
40609679, 3f09e74f, 1
4060e66f, 3f09ce0f, 1
40613664, 3f09b4d6, 1
4061865a, 3f099ba6, 1
4061d64f, 3f09827d, 1
40622645, 3f09695c, 1
4062763a, 3f095044, 1
4062c630, 3f093733, 1
40631625, 3f091e29, 1
4063661b, 3f090528, 1
4063b610, 3f08ec2d, 1
40640606, 3f08d33b, 1
406455fb, 3f08ba4e, 1
4064a5f1, 3f08a16a, 1
4064f5e6, 3f08888c, 1
406545dc, 3f086fb6, 1
406595d1, 3f0856e7, 1
4065e5c7, 3f083e1d, 1
406635bc, 3f08255b, 1
406685b2, 3f080c9f, 1
4066d5a8, 3f07f3e9, 1
4067259d, 3f07db3a, 1
40677593, 3f07c291, 1
4067c588, 3f07a9ee, 1
4068157e, 3f079151, 1
40686573, 3f0778ba, 1
4068b569, 3f076029, 1
4069055e, 3f07479e, 1
40695554, 3f072f17, 1
4069a549, 3f071697, 1
4069f53f, 3f06fe1c, 1
406a4534, 3f06e5a6, 1
406a952a, 3f06cd35, 1
406ae51f, 3f06b4ca, 1
406b3515, 3f069c63, 1
406b850a, 3f068401, 1
406bd500, 3f066ba4, 1
406c24f5, 3f06534c, 1
406c74eb, 3f063af9, 1
406cc4e0, 3f0622a9, 1
406d14d6, 3f060a5e, 1
406d64cb, 3f05f218, 1
406db4c1, 3f05d9d6, 1
406e04b6, 3f05c198, 1
406e54ac, 3f05a95d, 1
406ea4a1, 3f059127, 1
406ef497, 3f0578f5, 1
406f448c, 3f0560c6, 1
406f9482, 3f05489b, 1
406fe477, 3f053072, 1
4070346d, 3f05184f, 1
40708462, 3f05002d, 1
4070d458, 3f04e810, 1
4071244d, 3f04cff4, 1
40717443, 3f04b7de, 1
4071c439, 3f049fc9, 1
4072142e, 3f0487b7, 1
40726424, 3f046fa8, 1
4072b419, 3f04579c, 1
4073040f, 3f044138, 1
40735404, 3f042b42, 1
4073a3fa, 3f041554, 1
4073f3ef, 3f03ff72, 1
407443e5, 3f03e998, 1
407493da, 3f03d3c8, 1
4074e3d0, 3f03be03, 1
407533c5, 3f03a848, 1
407583bb, 3f039296, 1
4075d3b0, 3f037ced, 1
407623a6, 3f03674e, 1
4076739b, 3f0351ba, 1
4076c391, 3f033c2f, 1
40771386, 3f0326ad, 1
4077637c, 3f031135, 1
4077b371, 3f02fbc7, 1
40780367, 3f02e662, 1
4078535c, 3f02d107, 1
4078a352, 3f02bbb5, 1
4078f347, 3f02a66d, 1
4079433d, 3f02912e, 1
40799332, 3f027bf8, 1
4079e328, 3f0266cd, 1
407a331d, 3f0251a9, 1
407a8313, 3f023c90, 1
407ad308, 3f02277f, 1
407b22fe, 3f021279, 1
407b72f3, 3f01fd7b, 1
407bc2e9, 3f01e887, 1
407c12df, 3f01d39b, 1
407c62d4, 3f01beb9, 1
407cb2ca, 3f01a9e0, 1
407d02bf, 3f019510, 1
407d52b5, 3f018049, 1
407da2aa, 3f016b8b, 1
407df2a0, 3f0156d7, 1
407e4295, 3f01422b, 1
407e928b, 3f012d87, 1
407ee280, 3f0118ee, 1
407f3276, 3f01045d, 1
407f826b, 3f00efd5, 1
407fd261, 3f00db55, 1
4080112b, 3f00c6de, 1
40803926, 3f00b271, 1
40806121, 3f009e0c, 1
4080891b, 3f0089af, 1
4080b116, 3f00755c, 1
4080d911, 3f006110, 1
4081010c, 3f004ccf, 1
40812906, 3f003895, 1
40815101, 3f002464, 1
408178fc, 3f00103b, 1
4081a0f7, 3efff837, 1
4081c8f1, 3effd008, 1
4081f0ec, 3effa7ea, 1
408218e7, 3eff80b7, 1
408240e2, 3eff5ab5, 1
408268dc, 3eff34c1, 1
408290d7, 3eff0ed9, 1
4082b8d2, 3efee8fe, 1
4082e0cd, 3efec32f, 1
408308c7, 3efe9d6d, 1
408330c2, 3efe77bb, 1
408358bd, 3efe5213, 1
408380b8, 3efe2c76, 1
4083a8b3, 3efe06e9, 1
4083d0ad, 3efde168, 1
4083f8a8, 3efdbbf4, 1
408420a3, 3efd968c, 1
4084489e, 3efd712f, 1
40847098, 3efd4be4, 1
40849893, 3efd26a1, 1
4084c08e, 3efd016c, 1
4084e889, 3efcdc44, 1
40851083, 3efcb72a, 1
4085387e, 3efc921a, 1
40856079, 3efc6d19, 1
40858874, 3efc4822, 1
4085b06e, 3efc233b, 1
4085d869, 3efbfe5e, 1
40860064, 3efbd98e, 1
4086285f, 3efbb4cb, 1
40865059, 3efb9016, 1
40867854, 3efb6b6b, 1
4086a04f, 3efb46cf, 1
4086c84a, 3efb223d, 1
4086f044, 3efafdb9, 1
4087183f, 3efad941, 1
4087403a, 3efab4d7, 1
40876835, 3efa9078, 1
4087902f, 3efa6c24, 1
4087b82a, 3efa47df, 1
4087e025, 3efa23a6, 1
40880820, 3ef9ff78, 1
4088301a, 3ef9db58, 1
40885815, 3ef9b743, 1
40888010, 3ef9933c, 1
4088a80b, 3ef96f40, 1
4088d006, 3ef94b50, 1
4088f800, 3ef9276e, 1
40891ffb, 3ef90396, 1
408947f6, 3ef8dfcb, 1
40896ff1, 3ef8bc0d, 1
408997eb, 3ef8985c, 1
4089bfe6, 3ef874b5, 1
4089e7e1, 3ef8511d, 1
408a0fdc, 3ef82d8e, 1
408a37d6, 3ef80a0e, 1
408a5fd1, 3ef7e69a, 1
408a87cc, 3ef7c331, 1
408aafc7, 3ef79fd4, 1
408ad7c1, 3ef77c83, 1
408affbc, 3ef7593f, 1
408b27b7, 3ef73606, 1
408b4fb2, 3ef712d9, 1
408b77ac, 3ef6efba, 1
408b9fa7, 3ef6cca6, 1
408bc7a2, 3ef6a99e, 1
408bef9d, 3ef686a3, 1
408c1797, 3ef663b3, 1
408c3f92, 3ef640ce, 1
408c678d, 3ef61df6, 1
408c8f88, 3ef5fb2a, 1
408cb782, 3ef5d86a, 1
408cdf7d, 3ef5b5b6, 1
408d0778, 3ef5930e, 1
408d2f73, 3ef57071, 1
408d576d, 3ef54de0, 1
408d7f68, 3ef52b5d, 1
408da763, 3ef508e5, 1
408dcf5e, 3ef4e679, 1
408df759, 3ef4c417, 1
408e1f53, 3ef4a1c2, 1
408e474e, 3ef47f79, 1
408e6f49, 3ef45d3b, 1
408e9744, 3ef43b0a, 1
408ebf3e, 3ef418e3, 1
408ee739, 3ef3f6c9, 1
408f0f34, 3ef3d4ba, 1
408f372f, 3ef3b2b9, 1
408f5f29, 3ef390c1, 1
408f8724, 3ef36ed6, 1
408faf1f, 3ef34cf6, 1
408fd71a, 3ef32b22, 1
408fff14, 3ef30959, 1
4090270f, 3ef2e79d, 1
40904f0a, 3ef2c5ed, 1
40907705, 3ef2a447, 1
40909eff, 3ef282ad, 1
4090c6fa, 3ef2611e, 1
4090eef5, 3ef23f9d, 1
409116f0, 3ef21e26, 1
40913eea, 3ef1fcba, 1
409166e5, 3ef1db59, 1
40918ee0, 3ef1ba05, 1
4091b6db, 3ef198bc, 1
4091ded5, 3ef1777f, 1
409206d0, 3ef1564c, 1
40922ecb, 3ef13525, 1
409256c6, 3ef1140b, 1
40927ec0, 3ef0f2f9, 1
4092a6bb, 3ef0d1f7, 1
4092ceb6, 3ef0b0fd, 1
4092f6b1, 3ef09010, 1
40931eac, 3ef06f2d, 1
409346a6, 3ef04e56, 1
40936ea1, 3ef02d8b, 1
4093969c, 3ef00cc9, 1
4093be97, 3eefec15, 1
4093e691, 3eefcb6c, 1
40940e8c, 3eefaacc, 1
40943687, 3eef8a3a, 1
40945e82, 3eef69b1, 1
4094867c, 3eef4936, 1
4094ae77, 3eef28c4, 1
4094d672, 3eef085d, 1
4094fe6d, 3eeee802, 1
40952667, 3eeec7b2, 1
40954e62, 3eeea76e, 1
4095765d, 3eee8735, 1
40959e58, 3eee6706, 1
4095c652, 3eee46e2, 1
4095ee4d, 3eee26ca, 1
40961648, 3eee06bd, 1
40963e43, 3eede6bb, 1
4096663d, 3eedc6c3, 1
40968e38, 3eeda6d8, 1
4096b633, 3eed86f7, 1
4096de2e, 3eed6721, 1
40970628, 3eed4756, 1
40972e23, 3eed2797, 1
4097561e, 3eed07e1, 1
40977e19, 3eece837, 1
4097a613, 3eecc897, 1
4097ce0e, 3eeca904, 1
4097f609, 3eec897b, 1
40981e04, 3eec69fd, 1
409845ff, 3eec4a89, 1
40986df9, 3eec2b20, 1
409895f4, 3eec0bc5, 1
4098bdef, 3eebec71, 1
4098e5ea, 3eebcd29, 1
40990de4, 3eebaded, 1
409935df, 3eeb8eba, 1
40995dda, 3eeb6f92, 1
409985d5, 3eeb5075, 1
4099adcf, 3eeb3164, 1
4099d5ca, 3eeb125c, 1
4099fdc5, 3eeaf360, 1
409a25c0, 3eead46e, 1
409a4dba, 3eeab587, 1
409a75b5, 3eea96ab, 1
409a9db0, 3eea77d9, 1
409ac5ab, 3eea5912, 1
409aeda5, 3eea3a55, 1
409b15a0, 3eea1ba4, 1
409b3d9b, 3ee9fcfd, 1
409b6596, 3ee9de60, 1
409b8d90, 3ee9bfce, 1
409bb58b, 3ee9a148, 1
409bdd86, 3ee982ca, 1
409c0581, 3ee96458, 1
409c2d7b, 3ee945f0, 1
409c5576, 3ee92793, 1
409c7d71, 3ee90941, 1
409ca56c, 3ee8eaf9, 1
409ccd66, 3ee8ccbb, 1
409cf561, 3ee8ae88, 1
409d1d5c, 3ee8905f, 1
409d4557, 3ee87241, 1
409d6d52, 3ee8542c, 1
409d954c, 3ee83623, 1
409dbd47, 3ee81825, 1
409de542, 3ee7fa30, 1
409e0d3d, 3ee7dc45, 1
409e3537, 3ee7be66, 1
409e5d32, 3ee7a090, 1
409e852d, 3ee782c5, 1
409ead28, 3ee76504, 1
409ed522, 3ee7474e, 1
409efd1d, 3ee729a1, 1
409f2518, 3ee70bff, 1
409f4d13, 3ee6ee67, 1
409f750d, 3ee6d0d9, 1
409f9d08, 3ee6b357, 1
409fc503, 3ee695dd, 1
409fecfe, 3ee6786e, 1
40a014f8, 3ee65b09, 1
40a03cf3, 3ee63daf, 1
40a064ee, 3ee6205f, 1
40a08ce9, 3ee60318, 1
40a0b4e3, 3ee5e5dd, 1
40a0dcde, 3ee5c8ab, 1
40a104d9, 3ee5ab82, 1
40a12cd4, 3ee58e65, 1
40a154ce, 3ee57151, 1
40a17cc9, 3ee55448, 1
40a1a4c4, 3ee53748, 1
40a1ccbf, 3ee51a53, 1
40a1f4b9, 3ee4fd68, 1
40a21cb4, 3ee4e086, 1
40a244af, 3ee4c3af, 1
40a26caa, 3ee4a6e2, 1
40a294a5, 3ee48a1d, 1
40a2bc9f, 3ee46d65, 1
40a2e49a, 3ee450b5, 1
40a30c95, 3ee4340f, 1
40a33490, 3ee41773, 1
40a35c8a, 3ee3fae2, 1
40a38485, 3ee3de59, 1
40a3ac80, 3ee3c1db, 1
40a3d47b, 3ee3a567, 1
40a3fc75, 3ee388fd, 1
40a42470, 3ee36c9d, 1
40a44c6b, 3ee35046, 1
40a47466, 3ee333f9, 1
40a49c60, 3ee317b5, 1
40a4c45b, 3ee2fb7d, 1
40a4ec56, 3ee2df4e, 1
40a51451, 3ee2c327, 1
40a53c4b, 3ee2a70b, 1
40a56446, 3ee28af9, 1
40a58c41, 3ee26ef1, 1
40a5b43c, 3ee252f1, 1
40a5dc36, 3ee236fd, 1
40a60431, 3ee21b11, 1
40a62c2c, 3ee1ff30, 1
40a65427, 3ee1e357, 1
40a67c21, 3ee1c788, 1
40a6a41c, 3ee1abc4, 1
40a6cc17, 3ee19009, 1
40a6f412, 3ee17456, 1
40a71c0c, 3ee158ae, 1
40a74407, 3ee13d10, 1
40a76c02, 3ee1217b, 1
40a793fd, 3ee105ef, 1
40a7bbf7, 3ee0ea6d, 1
40a7e3f2, 3ee0cef5, 1
40a80bed, 3ee0b386, 1
40a833e8, 3ee09821, 1
40a85be3, 3ee07cc4, 1
40a883dd, 3ee06172, 1
40a8abd8, 3ee04629, 1
40a8d3d3, 3ee02ae9, 1
40a8fbce, 3ee00fb3, 1
40a923c8, 3edff486, 1
40a94bc3, 3edfd962, 1
40a973be, 3edfbe48, 1
40a99bb9, 3edfa337, 1
40a9c3b3, 3edf8831, 1
40a9ebae, 3edf6d32, 1
40aa13a9, 3edf523e, 1
40aa3ba4, 3edf3752, 1
40aa639e, 3edf1c6f, 1
40aa8b99, 3edf0197, 1
40aab394, 3edee6c8, 1
40aadb8f, 3edecc01, 1
40ab0389, 3edeb144, 1
40ab2b84, 3ede9690, 1
40ab537f, 3ede7be5, 1
40ab7b7a, 3ede6144, 1
40aba374, 3ede46ac, 1
40abcb6f, 3ede2c1e, 1
40abf36a, 3ede1197, 1
40ac1b65, 3eddf71a, 1
40ac435f, 3edddca7, 1
40ac6b5a, 3eddc23d, 1
40ac9355, 3edda7db, 1
40acbb50, 3edd8d82, 1
40ace34a, 3edd7334, 1
40ad0b45, 3edd58ee, 1
40ad3340, 3edd3eb0, 1
40ad5b3b, 3edd247c, 1
40ad8336, 3edd0a52, 1
40adab30, 3edcf030, 1
40add32b, 3edcd616, 1
40adfb26, 3edcbc07, 1
40ae2321, 3edca200, 1
40ae4b1b, 3edc8802, 1
40ae7316, 3edc6e0d, 1
40ae9b11, 3edc5421, 1
40aec30c, 3edc3a3d, 1
40aeeb06, 3edc2064, 1
40af1301, 3edc0692, 1
40af3afc, 3edbecc9, 1
40af62f7, 3edbd30a, 1
40af8af1, 3edbb953, 1
40afb2ec, 3edb9fa5, 1
40afdae7, 3edb8600, 1
40b002e2, 3edb6c64, 1
40b02adc, 3edb52d0, 1
40b052d7, 3edb3946, 1
40b07ad2, 3edb1fc4, 1
40b0a2cd, 3edb064b, 1
40b0cac7, 3edaecdb, 1
40b0f2c2, 3edad374, 1
40b11abd, 3edaba14, 1
40b142b8, 3edaa0be, 1
40b16ab2, 3eda8771, 1
40b192ad, 3eda6e2c, 1
40b1baa8, 3eda54f0, 1
40b1e2a3, 3eda3bbc, 1
40b20a9d, 3eda2291, 1
40b23298, 3eda0970, 1
40b25a93, 3ed9f056, 1
40b2828e, 3ed9d746, 1
40b2aa89, 3ed9be3c, 1
40b2d283, 3ed9a53e, 1
40b2fa7e, 3ed98c47, 1
40b32279, 3ed97357, 1
40b34a74, 3ed95a72, 1
40b3726e, 3ed94195, 1
40b39a69, 3ed928c0, 1
40b3c264, 3ed90ff3, 1
40b3ea5f, 3ed8f72f, 1
40b41259, 3ed8de74, 1
40b43a54, 3ed8c5c1, 1
40b4624f, 3ed8ad17, 1
40b48a4a, 3ed89474, 1
40b4b244, 3ed87bda, 1
40b4da3f, 3ed8634a, 1
40b5023a, 3ed84ac1, 1
40b52a35, 3ed83241, 1
40b5522f, 3ed819c8, 1
40b57a2a, 3ed80159, 1
40b5a225, 3ed7e8f1, 1
40b5ca20, 3ed7d092, 1
40b5f21a, 3ed7b83b, 1
40b61a15, 3ed79fee, 1
40b64210, 3ed787a7, 1
40b66a0b, 3ed76f6a, 1
40b69205, 3ed75735, 1
40b6ba00, 3ed73f07, 1
40b6e1fb, 3ed726e3, 1
40b709f6, 3ed70ec6, 1
40b731f0, 3ed6f6b1, 1
40b759eb, 3ed6dea6, 1
40b781e6, 3ed6c6a1, 1
40b7a9e1, 3ed6aea5, 1
40b7d1dc, 3ed696b1, 1
40b7f9d6, 3ed67ec6, 1
40b821d1, 3ed666e3, 1
40b849cc, 3ed64f07, 1
40b871c7, 3ed63734, 1
40b899c1, 3ed61f6a, 1
40b8c1bc, 3ed607a7, 1
40b8e9b7, 3ed5efeb, 1
40b911b2, 3ed5d838, 1
40b939ac, 3ed5c08f, 1
40b961a7, 3ed5a8eb, 1
40b989a2, 3ed59151, 1
40b9b19d, 3ed579bf, 1
40b9d997, 3ed56234, 1
40ba0192, 3ed54ab1, 1
40ba298d, 3ed53337, 1
40ba5188, 3ed51bc4, 1
40ba7982, 3ed50459, 1
40baa17d, 3ed4ecf8, 1
40bac978, 3ed4d59d, 1
40baf173, 3ed4be49, 1
40bb196d, 3ed4a6fe, 1
40bb4168, 3ed48fbc, 1
40bb6963, 3ed47880, 1
40bb915e, 3ed4614d, 1
40bbb958, 3ed44a22, 1
40bbe153, 3ed432ff, 1
40bc094e, 3ed41be2, 1
40bc3149, 3ed404cf, 1
40bc5943, 3ed3edc2, 1
40bc813e, 3ed3d6be, 1
40bca939, 3ed3bfc2, 1
40bcd134, 3ed3a8cd, 1
40bcf92f, 3ed391e0, 1
40bd2129, 3ed37afb, 1
40bd4924, 3ed3641d, 1
40bd711f, 3ed34d48, 1
40bd991a, 3ed3367a, 1
40bdc114, 3ed31fb4, 1
40bde90f, 3ed308f5, 1
40be110a, 3ed2f23d, 1
40be3905, 3ed2db8e, 1
40be60ff, 3ed2c4e6, 1
40be88fa, 3ed2ae47, 1
40beb0f5, 3ed297ae, 1
40bed8f0, 3ed2811e, 1
40bf00ea, 3ed26a94, 1
40bf28e5, 3ed25413, 1
40bf50e0, 3ed23d98, 1
40bf78db, 3ed22726, 1
40bfa0d5, 3ed210ba, 1
40bfc8d0, 3ed1fa58, 1
40bff0cb, 3ed1e3fc, 1
40c018c6, 3ed1cda7, 1
40c040c0, 3ed1b75b, 1
40c068bb, 3ed1a115, 1
40c090b6, 3ed18ad7, 1
40c0b8b1, 3ed174a1, 1
40c0e0ab, 3ed15e71, 1
40c108a6, 3ed1484a, 1
40c130a1, 3ed1322a, 1
40c1589c, 3ed11c11, 1
40c18096, 3ed105ff, 1
40c1a891, 3ed0eff6, 1
40c1d08c, 3ed0d9f4, 1
40c1f887, 3ed0c3f8, 1
40c22082, 3ed0ae04, 1
40c2487c, 3ed09817, 1
40c27077, 3ed08233, 1
40c29872, 3ed06c55, 1
40c2c06d, 3ed0567e, 1
40c2e867, 3ed040af, 1
40c31062, 3ed02ae7, 1
40c3385d, 3ed01526, 1
40c36058, 3ecfff6c, 1
40c38852, 3ecfe9ba, 1
40c3b04d, 3ecfd40f, 1
40c3d848, 3ecfbe6b, 1
40c40043, 3ecfa8ce, 1
40c4283d, 3ecf9339, 1
40c45038, 3ecf7dab, 1
40c47833, 3ecf6824, 1
40c4a02e, 3ecf52a4, 1
40c4c828, 3ecf3d2b, 1
40c4f023, 3ecf27b9, 1
40c5181e, 3ecf124f, 1
40c54019, 3ecefcec, 1
40c56813, 3ecee78f, 1
40c5900e, 3eced23a, 1
40c5b809, 3ecebcec, 1
40c5e004, 3ecea7a5, 1
40c607fe, 3ece9264, 1
40c62ff9, 3ece7d2c, 1
40c657f4, 3ece67fa, 1
40c67fef, 3ece52cf, 1
40c6a7e9, 3ece3daa, 1
40c6cfe4, 3ece288d, 1
40c6f7df, 3ece1378, 1
40c71fda, 3ecdfe69, 1
40c747d4, 3ecde960, 1
40c76fcf, 3ecdd460, 1
40c797ca, 3ecdbf65, 1
40c7bfc5, 3ecdaa71, 1
40c7e7c0, 3ecd9585, 1
40c80fba, 3ecd80a0, 1
40c837b5, 3ecd6bc1, 1
40c85fb0, 3ecd56e9, 1
40c887ab, 3ecd4218, 1
40c8afa5, 3ecd2d4e, 1
40c8d7a0, 3ecd188b, 1
40c8ff9b, 3ecd03ce, 1
40c92796, 3eccef18, 1
40c94f90, 3eccda6a, 1
40c9778b, 3eccc5c2, 1
40c99f86, 3eccb120, 1
40c9c781, 3ecc9c85, 1
40c9ef7b, 3ecc87f2, 1
40ca1776, 3ecc7365, 1
40ca3f71, 3ecc5ede, 1
40ca676c, 3ecc4a5f, 1
40ca8f66, 3ecc35e5, 1
40cab761, 3ecc2173, 1
40cadf5c, 3ecc0d08, 1
40cb0757, 3ecbf8a2, 1
40cb2f51, 3ecbe444, 1
40cb574c, 3ecbcfed, 1
40cb7f47, 3ecbbb9c, 1
40cba742, 3ecba751, 1
40cbcf3c, 3ecb930d, 1
40cbf737, 3ecb7ed0, 1
40cc1f32, 3ecb6a9a, 1
40cc472d, 3ecb5669, 1
40cc6f27, 3ecb4240, 1
40cc9722, 3ecb2e1d, 1
40ccbf1d, 3ecb1a01, 1
40cce718, 3ecb05eb, 1
40cd0f13, 3ecaf1db, 1
40cd370d, 3ecaddd2, 1
40cd5f08, 3ecac9d0, 1
40cd8703, 3ecab5d4, 1
40cdaefe, 3ecaa1df, 1
40cdd6f8, 3eca8def, 1
40cdfef3, 3eca7a07, 1
40ce26ee, 3eca6624, 1
40ce4ee9, 3eca5249, 1
40ce76e3, 3eca3e74, 1
40ce9ede, 3eca2aa5, 1
40cec6d9, 3eca16db, 1
40ceeed4, 3eca031a, 1
40cf16ce, 3ec9ef5e, 1
40cf3ec9, 3ec9dba8, 1
40cf66c4, 3ec9c7f9, 1
40cf8ebf, 3ec9b450, 1
40cfb6b9, 3ec9a0ad, 1
40cfdeb4, 3ec98d12, 1
40d006af, 3ec9797c, 1
40d02eaa, 3ec965eb, 1
40d056a4, 3ec95262, 1
40d07e9f, 3ec93edf, 1
40d0a69a, 3ec92b61, 1
40d0ce95, 3ec917eb, 1
40d0f68f, 3ec9047b, 1
40d11e8a, 3ec8f110, 1
40d14685, 3ec8ddac, 1
40d16e80, 3ec8ca4e, 1
40d1967a, 3ec8b6f6, 1
40d1be75, 3ec8a3a5, 1
40d1e670, 3ec89059, 1
40d20e6b, 3ec87d14, 1
40d23666, 3ec869d5, 1
40d25e60, 3ec8569c, 1
40d2865b, 3ec84369, 1
40d2ae56, 3ec8303b, 1
40d2d651, 3ec81d15, 1
40d2fe4b, 3ec809f4, 1
40d32646, 3ec7f6da, 1
40d34e41, 3ec7e3c5, 1
40d3763c, 3ec7d0b6, 1
40d39e36, 3ec7bdad, 1
40d3c631, 3ec7aaab, 1
40d3ee2c, 3ec797ae, 1
40d41627, 3ec784b7, 1
40d43e21, 3ec771c6, 1
40d4661c, 3ec75edc, 1
40d48e17, 3ec74bf7, 1
40d4b612, 3ec73919, 1
40d4de0c, 3ec7263f, 1
40d50607, 3ec7136c, 1
40d52e02, 3ec700a0, 1
40d555fd, 3ec6edd9, 1
40d57df7, 3ec6db17, 1
40d5a5f2, 3ec6c85b, 1
40d5cded, 3ec6b5a6, 1
40d5f5e8, 3ec6a2f6, 1
40d61de2, 3ec6904d, 1
40d645dd, 3ec67da8, 1
40d66dd8, 3ec66b0b, 1
40d695d3, 3ec65872, 1
40d6bdcd, 3ec645df, 1
40d6e5c8, 3ec63352, 1
40d70dc3, 3ec620cb, 1
40d735be, 3ec60e4a, 1
40d75db9, 3ec5fbce, 1
40d785b3, 3ec5e958, 1
40d7adae, 3ec5d6e8, 1
40d7d5a9, 3ec5c47e, 1
40d7fda4, 3ec5b219, 1
40d8259e, 3ec59fba, 1
40d84d99, 3ec58d61, 1
40d87594, 3ec57b0c, 1
40d89d8f, 3ec568bf, 1
40d8c589, 3ec55677, 1
40d8ed84, 3ec54434, 1
40d9157f, 3ec531f6, 1
40d93d7a, 3ec51fbf, 1
40d96574, 3ec50d8d, 1
40d98d6f, 3ec4fb61, 1
40d9b56a, 3ec4e93a, 1
40d9dd65, 3ec4d719, 1
40da055f, 3ec4c4fd, 1
40da2d5a, 3ec4b2e7, 1
40da5555, 3ec4a0d6, 1
40da7d50, 3ec48eca, 1
40daa54a, 3ec47cc5, 1
40dacd45, 3ec46ac5, 1
40daf540, 3ec458ca, 1
40db1d3b, 3ec446d5, 1
40db4535, 3ec434e6, 1
40db6d30, 3ec422fc, 1
40db952b, 3ec41118, 1
40dbbd26, 3ec3ff38, 1
40dbe520, 3ec3ed5e, 1
40dc0d1b, 3ec3db89, 1
40dc3516, 3ec3c9ba, 1
40dc5d11, 3ec3b7f1, 1
40dc850c, 3ec3a62c, 1
40dcad06, 3ec3946e, 1
40dcd501, 3ec382b4, 1
40dcfcfc, 3ec37100, 1
40dd24f7, 3ec35f50, 1
40dd4cf1, 3ec34da7, 1
40dd74ec, 3ec33c03, 1
40dd9ce7, 3ec32a64, 1
40ddc4e2, 3ec318ca, 1
40ddecdc, 3ec30736, 1
40de14d7, 3ec2f5a6, 1
40de3cd2, 3ec2e41c, 1
40de64cd, 3ec2d298, 1
40de8cc7, 3ec2c119, 1
40deb4c2, 3ec2af9e, 1
40dedcbd, 3ec29e29, 1
40df04b8, 3ec28cb9, 1
40df2cb2, 3ec27b4e, 1
40df54ad, 3ec269e9, 1
40df7ca8, 3ec25889, 1
40dfa4a3, 3ec2472e, 1
40dfcc9d, 3ec235d8, 1
40dff498, 3ec22487, 1
40e01c93, 3ec2133b, 1
40e0448e, 3ec201f4, 1
40e06c88, 3ec1f0b3, 1
40e09483, 3ec1df77, 1
40e0bc7e, 3ec1ce40, 1
40e0e479, 3ec1bd0c, 1
40e10c73, 3ec1abdf, 1
40e1346e, 3ec19ab8, 1
40e15c69, 3ec18994, 1
40e18464, 3ec17876, 1
40e1ac5f, 3ec1675d, 1
40e1d459, 3ec15649, 1
40e1fc54, 3ec1453a, 1
40e2244f, 3ec1342f, 1
40e24c4a, 3ec1232a, 1
40e27444, 3ec1122b, 1
40e29c3f, 3ec1012f, 1
40e2c43a, 3ec0f039, 1
40e2ec35, 3ec0df47, 1
40e3142f, 3ec0ce5b, 1
40e33c2a, 3ec0bd73, 1
40e36425, 3ec0ac91, 1
40e38c20, 3ec09bb2, 1
40e3b41a, 3ec08ad9, 1
40e3dc15, 3ec07a05, 1
40e40410, 3ec06936, 1
40e42c0b, 3ec0586c, 1
40e45405, 3ec047a5, 1
40e47c00, 3ec036e5, 1
40e4a3fb, 3ec02629, 1
40e4cbf6, 3ec01573, 1
40e4f3f0, 3ec004c0, 1
40e51beb, 3ebff412, 1
40e543e6, 3ebfe36a, 1
40e56be1, 3ebfd2c5, 1
40e593db, 3ebfc226, 1
40e5bbd6, 3ebfb18b, 1
40e5e3d1, 3ebfa0f6, 1
40e60bcc, 3ebf9064, 1
40e633c6, 3ebf7fd8, 1
40e65bc1, 3ebf6f50, 1
40e683bc, 3ebf5ecd, 1
40e6abb7, 3ebf4e4e, 1
40e6d3b2, 3ebf3dd5, 1
40e6fbac, 3ebf2d60, 1
40e723a7, 3ebf1cf0, 1
40e74ba2, 3ebf0c84, 1
40e7739d, 3ebefc1d, 1
40e79b97, 3ebeebba, 1
40e7c392, 3ebedb5c, 1
40e7eb8d, 3ebecb02, 1
40e81388, 3ebebaad, 1
40e83b82, 3ebeaa5d, 1
40e8637d, 3ebe9a11, 1
40e88b78, 3ebe89ca, 1
40e8b373, 3ebe7987, 1
40e8db6d, 3ebe6948, 1
40e90368, 3ebe5910, 1
40e92b63, 3ebe48db, 1
40e9535e, 3ebe38aa, 1
40e97b58, 3ebe287e, 1
40e9a353, 3ebe1856, 1
40e9cb4e, 3ebe0833, 1
40e9f349, 3ebdf813, 1
40ea1b43, 3ebde7f8, 1
40ea433e, 3ebdd7e3, 1
40ea6b39, 3ebdc7d2, 1
40ea9334, 3ebdb7c5, 1
40eabb2e, 3ebda7bc, 1
40eae329, 3ebd97b8, 1
40eb0b24, 3ebd87b7, 1
40eb331f, 3ebd77bb, 1
40eb5b19, 3ebd67c4, 1
40eb8314, 3ebd57d1, 1
40ebab0f, 3ebd47e3, 1
40ebd30a, 3ebd37f8, 1
40ebfb04, 3ebd2812, 1
40ec22ff, 3ebd1831, 1
40ec4afa, 3ebd0853, 1
40ec72f5, 3ebcf87b, 1
40ec9af0, 3ebce8a6, 1
40ecc2ea, 3ebcd8d5, 1
40eceae5, 3ebcc909, 1
40ed12e0, 3ebcb940, 1
40ed3adb, 3ebca97c, 1
40ed62d5, 3ebc99bd, 1
40ed8ad0, 3ebc8a02, 1
40edb2cb, 3ebc7a49, 1
40eddac6, 3ebc6a96, 1
40ee02c0, 3ebc5ae8, 1
40ee2abb, 3ebc4b3d, 1
40ee52b6, 3ebc3b96, 1
40ee7ab1, 3ebc2bf4, 1
40eea2ab, 3ebc1c56, 1
40eecaa6, 3ebc0cbc, 1
40eef2a1, 3ebbfd25, 1
40ef1a9c, 3ebbed93, 1
40ef4296, 3ebbde06, 1
40ef6a91, 3ebbce7c, 1
40ef928c, 3ebbbef6, 1
40efba87, 3ebbaf75, 1
40efe281, 3ebb9ff7, 1
40f00a7c, 3ebb907e, 1
40f03277, 3ebb8108, 1
40f05a72, 3ebb7196, 1
40f0826c, 3ebb6229, 1
40f0aa67, 3ebb52c0, 1
40f0d262, 3ebb435a, 1
40f0fa5d, 3ebb33f9, 1
40f12257, 3ebb249b, 1
40f14a52, 3ebb1542, 1
40f1724d, 3ebb05ec, 1
40f19a48, 3ebaf69b, 1
40f1c243, 3ebae74c, 1
40f1ea3d, 3ebad802, 1
40f21238, 3ebac8bd, 1
40f23a33, 3ebab97a, 1
40f2622e, 3ebaaa3d, 1
40f28a28, 3eba9b03, 1
40f2b223, 3eba8bcc, 1
40f2da1e, 3eba7c99, 1
40f30219, 3eba6d6b, 1
40f32a13, 3eba5e40, 1
40f3520e, 3eba4f19, 1
40f37a09, 3eba3ff6, 1
40f3a204, 3eba30d6, 1
40f3c9fe, 3eba21bb, 1
40f3f1f9, 3eba12a3, 1
40f419f4, 3eba038f, 1
40f441ef, 3eb9f47f, 1
40f469e9, 3eb9e572, 1
40f491e4, 3eb9d669, 1
40f4b9df, 3eb9c764, 1
40f4e1da, 3eb9b863, 1
40f509d4, 3eb9a965, 1
40f531cf, 3eb99a6c, 1
40f559ca, 3eb98b75, 1
40f581c5, 3eb97c82, 1
40f5a9bf, 3eb96d94, 1
40f5d1ba, 3eb95ea9, 1
40f5f9b5, 3eb94fc2, 1
40f621b0, 3eb940dd, 1
40f649aa, 3eb931fd, 1
40f671a5, 3eb92321, 1
40f699a0, 3eb91448, 1
40f6c19b, 3eb90573, 1
40f6e996, 3eb8f6a1, 1
40f71190, 3eb8e7d4, 1
40f7398b, 3eb8d908, 1
40f76186, 3eb8ca41, 1
40f78981, 3eb8bb7e, 1
40f7b17b, 3eb8acbe, 1
40f7d976, 3eb89e02, 1
40f80171, 3eb88f48, 1
40f8296c, 3eb88093, 1
40f85166, 3eb871e2, 1
40f87961, 3eb86333, 1
40f8a15c, 3eb85489, 1
40f8c957, 3eb845e2, 1
40f8f151, 3eb8373d, 1
40f9194c, 3eb8289d, 1
40f94147, 3eb81a00, 1
40f96942, 3eb80b67, 1
40f9913c, 3eb7fcd0, 1
40f9b937, 3eb7ee3e, 1
40f9e132, 3eb7dfaf, 1
40fa092d, 3eb7d123, 1
40fa3127, 3eb7c29b, 1
40fa5922, 3eb7b416, 1
40fa811d, 3eb7a594, 1
40faa918, 3eb79716, 1
40fad112, 3eb7889a, 1
40faf90d, 3eb77a23, 1
40fb2108, 3eb76bae, 1
40fb4903, 3eb75d3d, 1
40fb70fd, 3eb74ed0, 1
40fb98f8, 3eb74066, 1
40fbc0f3, 3eb731fe, 1
40fbe8ee, 3eb7239b, 1
40fc10e9, 3eb7153a, 1
40fc38e3, 3eb706dd, 1
40fc60de, 3eb6f883, 1
40fc88d9, 3eb6ea2c, 1
40fcb0d4, 3eb6dbd9, 1
40fcd8ce, 3eb6cd89, 1
40fd00c9, 3eb6bf3c, 1
40fd28c4, 3eb6b0f2, 1
40fd50bf, 3eb6a2ab, 1
40fd78b9, 3eb69468, 1
40fda0b4, 3eb68627, 1
40fdc8af, 3eb677eb, 1
40fdf0aa, 3eb669b0, 1
40fe18a4, 3eb65b79, 1
40fe409f, 3eb64d46, 1
40fe689a, 3eb63f15, 1
40fe9095, 3eb630e8, 1
40feb88f, 3eb622bd, 1
40fee08a, 3eb61497, 1
40ff0885, 3eb60673, 1
40ff3080, 3eb5f851, 1
40ff587a, 3eb5ea33, 1
40ff8075, 3eb5dc18, 1
40ffa870, 3eb5ce00, 1
40ffd06b, 3eb5bfec, 1
40fff865, 3eb5b1da, 1
41001030, 3eb5a3cb, 1
4100242d, 3eb595c0, 1
4100382b, 3eb587b7, 1
41004c28, 3eb579b1, 1
41006026, 3eb56baf, 1
41007423, 3eb55daf, 1
41008820, 3eb54fb2, 1
41009c1e, 3eb541b9, 1
4100b01b, 3eb533c2, 1
4100c419, 3eb525ce, 1
4100d816, 3eb517dd, 1
4100ec13, 3eb509ee, 1
41010011, 3eb4fc03, 1
4101140e, 3eb4edcb, 1
4101280b, 3eb4df83, 1
41013c09, 3eb4d13d, 1
41015006, 3eb4c2fa, 1
41016404, 3eb4b4bb, 1
41017801, 3eb4a67f, 1
41018bfe, 3eb49847, 1
41019ffc, 3eb48a11, 1
4101b3f9, 3eb47bdd, 1
4101c7f6, 3eb46dae, 1
4101dbf4, 3eb45f81, 1
4101eff1, 3eb45158, 1
410203ef, 3eb44331, 1
410217ec, 3eb4350e, 1
41022be9, 3eb426ee, 1
41023fe7, 3eb418d1, 1
410253e4, 3eb40ab7, 1
410267e1, 3eb3fc9f, 1
41027bdf, 3eb3ee8c, 1
41028fdc, 3eb3e07c, 1
4102a3da, 3eb3d26d, 1
4102b7d7, 3eb3c463, 1
4102cbd4, 3eb3b65b, 1
4102dfd2, 3eb3a857, 1
4102f3cf, 3eb39a56, 1
410307cc, 3eb38c56, 1
41031bca, 3eb37e5b, 1
41032fc7, 3eb37064, 1
410343c5, 3eb3626e, 1
410357c2, 3eb3547d, 1
41036bbf, 3eb3468d, 1
41037fbd, 3eb338a1, 1
410393ba, 3eb32ab9, 1
4103a7b8, 3eb31cd1, 1
4103bbb5, 3eb30eef, 1
4103cfb2, 3eb3010f, 1
4103e3b0, 3eb2f332, 1
4103f7ad, 3eb2e558, 1
41040baa, 3eb2d782, 1
41041fa8, 3eb2c9ad, 1
410433a5, 3eb2bbdd, 1
410447a3, 3eb2ae0f, 1
41045ba0, 3eb2a044, 1
41046f9d, 3eb2927c, 1
4104839b, 3eb284b7, 1
41049798, 3eb276f7, 1
4104ab95, 3eb26937, 1
4104bf93, 3eb25b7b, 1
4104d390, 3eb24dc3, 1
4104e78e, 3eb2400c, 1
4104fb8b, 3eb2325a, 1
41050f88, 3eb224ab, 1
41052386, 3eb216fe, 1
41053783, 3eb20954, 1
41054b80, 3eb1fbad, 1
41055f7e, 3eb1ee09, 1
4105737b, 3eb1e069, 1
41058779, 3eb1d2ca, 1
41059b76, 3eb1c530, 1
4105af73, 3eb1b798, 1
4105c371, 3eb1aa02, 1
4105d76e, 3eb19c71, 1
4105eb6c, 3eb18ee1, 1
4105ff69, 3eb18155, 1
41061366, 3eb173cd, 1
41062764, 3eb16646, 1
41063b61, 3eb158c3, 1
41064f5e, 3eb14b43, 1
4106635c, 3eb13dc5, 1
41067759, 3eb1304c, 1
41068b57, 3eb122d3, 1
41069f54, 3eb1155f, 1
4106b351, 3eb107ed, 1
4106c74f, 3eb0fa7f, 1
4106db4c, 3eb0ed13, 1
4106ef49, 3eb0dfaa, 1
41070347, 3eb0d244, 1
41071744, 3eb0c4e2, 1
41072b42, 3eb0b781, 1
41073f3f, 3eb0aa25, 1
4107533c, 3eb09ccb, 1
4107673a, 3eb08f73, 1
41077b37, 3eb0821f, 1
41078f34, 3eb074cd, 1
4107a332, 3eb0677f, 1
4107b72f, 3eb05a33, 1
4107cb2d, 3eb04cea, 1
4107df2a, 3eb03fa5, 1
4107f327, 3eb03262, 1
41080725, 3eb02521, 1
41081b22, 3eb017e4, 1
41082f1f, 3eb00aaa, 1
4108431d, 3eaffd72, 1
4108571a, 3eaff03e, 1
41086b18, 3eafe30c, 1
41087f15, 3eafd5de, 1
41089312, 3eafc8b1, 1
4108a710, 3eafbb88, 1
4108bb0d, 3eafae63, 1
4108cf0b, 3eafa13f, 1
4108e308, 3eaf941f, 1
4108f705, 3eaf8701, 1
41090b03, 3eaf79e6, 1
41091f00, 3eaf6cce, 1
410932fd, 3eaf5fb9, 1
410946fb, 3eaf52a7, 1
41095af8, 3eaf4597, 1
41096ef6, 3eaf388b, 1
410982f3, 3eaf2b81, 1
410996f0, 3eaf1e7b, 1
4109aaee, 3eaf1176, 1
4109beeb, 3eaf0476, 1
4109d2e8, 3eaef776, 1
4109e6e6, 3eaeea7c, 1
4109fae3, 3eaedd83, 1
410a0ee1, 3eaed08d, 1
410a22de, 3eaec39a, 1
410a36db, 3eaeb6aa, 1
410a4ad9, 3eaea9bc, 1
410a5ed6, 3eae9cd1, 1
410a72d3, 3eae8fe9, 1
410a86d1, 3eae8305, 1
410a9ace, 3eae7623, 1
410aaecc, 3eae6943, 1
410ac2c9, 3eae5c67, 1
410ad6c6, 3eae4f8d, 1
410aeac4, 3eae42b6, 1
410afec1, 3eae35e2, 1
410b12bf, 3eae2910, 1
410b26bc, 3eae1c41, 1
410b3ab9, 3eae0f76, 1
410b4eb7, 3eae02ad, 1
410b62b4, 3eadf5e7, 1
410b76b1, 3eade923, 1
410b8aaf, 3eaddc62, 1
410b9eac, 3eadcfa5, 1
410bb2aa, 3eadc2e8, 1
410bc6a7, 3eadb630, 1
410bdaa4, 3eada97b, 1
410beea2, 3ead9cc7, 1
410c029f, 3ead9017, 1
410c169c, 3ead836a, 1
410c2a9a, 3ead76c0, 1
410c3e97, 3ead6a18, 1
410c5295, 3ead5d72, 1
410c6692, 3ead50d0, 1
410c7a8f, 3ead4431, 1
410c8e8d, 3ead3793, 1
410ca28a, 3ead2afa, 1
410cb687, 3ead1e62, 1
410cca85, 3ead11cd, 1
410cde82, 3ead053b, 1
410cf280, 3eacf8ab, 1
410d067d, 3eacec1f, 1
410d1a7a, 3eacdf95, 1
410d2e78, 3eacd30e, 1
410d4275, 3eacc689, 1
410d5672, 3eacba07, 1
410d6a70, 3eacad89, 1
410d7e6d, 3eaca10d, 1
410d926b, 3eac9493, 1
410da668, 3eac881c, 1
410dba65, 3eac7ba8, 1
410dce63, 3eac6f36, 1
410de260, 3eac62c8, 1
410df65e, 3eac565b, 1
410e0a5b, 3eac49f2, 1
410e1e58, 3eac3d8c, 1
410e3256, 3eac3127, 1
410e4653, 3eac24c6, 1
410e5a50, 3eac1867, 1
410e6e4e, 3eac0c0b, 1
410e824b, 3eabffb2, 1
410e9649, 3eabf35b, 1
410eaa46, 3eabe707, 1
410ebe43, 3eabdab6, 1
410ed241, 3eabce67, 1
410ee63e, 3eabc21b, 1
410efa3b, 3eabb5d1, 1
410f0e39, 3eaba98b, 1
410f2236, 3eab9d47, 1
410f3634, 3eab9106, 1
410f4a31, 3eab84c8, 1
410f5e2e, 3eab788b, 1
410f722c, 3eab6c52, 1
410f8629, 3eab601b, 1
410f9a26, 3eab53e7, 1
410fae24, 3eab47b5, 1
410fc221, 3eab3b86, 1
410fd61f, 3eab2f59, 1
410fea1c, 3eab2330, 1
410ffe19, 3eab1709, 1
41101217, 3eab0ae5, 1
41102614, 3eaafec4, 1
41103a11, 3eaaf2a4, 1
41104e0f, 3eaae688, 1
4110620c, 3eaada6e, 1
4110760a, 3eaace56, 1
41108a07, 3eaac242, 1
41109e04, 3eaab630, 1
4110b202, 3eaaaa20, 1
4110c5ff, 3eaa9e13, 1
4110d9fd, 3eaa9209, 1
4110edfa, 3eaa8601, 1
411101f7, 3eaa79fc, 1
411115f5, 3eaa6df9, 1
411129f2, 3eaa61f9, 1
41113def, 3eaa55fc, 1
411151ed, 3eaa4a01, 1
411165ea, 3eaa3e09, 1
411179e8, 3eaa3213, 1
41118de5, 3eaa2621, 1
4111a1e2, 3eaa1a30, 1
4111b5e0, 3eaa0e42, 1
4111c9dd, 3eaa0257, 1
4111ddda, 3ea9f66e, 1
4111f1d8, 3ea9ea88, 1
411205d5, 3ea9dea5, 1
411219d3, 3ea9d2c3, 1
41122dd0, 3ea9c6e5, 1
411241cd, 3ea9bb09, 1
411255cb, 3ea9af30, 1
411269c8, 3ea9a359, 1
41127dc5, 3ea99784, 1
411291c3, 3ea98bb2, 1
4112a5c0, 3ea97fe3, 1
4112b9be, 3ea97416, 1
4112cdbb, 3ea9684d, 1
4112e1b8, 3ea95c85, 1
4112f5b6, 3ea950bf, 1
411309b3, 3ea944fd, 1
41131db1, 3ea9393c, 1
411331ae, 3ea92d7f, 1
411345ab, 3ea921c5, 1
411359a9, 3ea9160c, 1
41136da6, 3ea90a56, 1
411381a3, 3ea8fea2, 1
411395a1, 3ea8f2f1, 1
4113a99e, 3ea8e743, 1
4113bd9c, 3ea8db96, 1
4113d199, 3ea8cfee, 1
4113e596, 3ea8c447, 1
4113f994, 3ea8b8a2, 1
41140d91, 3ea8ad01, 1
4114218e, 3ea8a161, 1
4114358c, 3ea895c4, 1
41144989, 3ea88a2a, 1
41145d87, 3ea87e91, 1
41147184, 3ea872fc, 1
41148581, 3ea86769, 1
4114997f, 3ea85bd8, 1
4114ad7c, 3ea8504a, 1
4114c179, 3ea844be, 1
4114d577, 3ea83935, 1
4114e974, 3ea82daf, 1
4114fd72, 3ea8222a, 1
4115116f, 3ea816a8, 1
4115256c, 3ea80b2a, 1
4115396a, 3ea7ffad, 1
41154d67, 3ea7f432, 1
41156164, 3ea7e8ba, 1
41157562, 3ea7dd45, 1
4115895f, 3ea7d1d2, 1
41159d5d, 3ea7c661, 1
4115b15a, 3ea7baf3, 1
4115c557, 3ea7af88, 1
4115d955, 3ea7a41e, 1
4115ed52, 3ea798b8, 1
41160150, 3ea78d52, 1
4116154d, 3ea781f1, 1
4116294a, 3ea77691, 1
41163d48, 3ea76b34, 1
41165145, 3ea75fd9, 1
41166542, 3ea75482, 1
41167940, 3ea7492b, 1
41168d3d, 3ea73dd8, 1
4116a13b, 3ea73286, 1
4116b538, 3ea72738, 1
4116c935, 3ea71bec, 1
4116dd33, 3ea710a2, 1
4116f130, 3ea7055b, 1
4117052d, 3ea6fa15, 1
4117192b, 3ea6eed2, 1
41172d28, 3ea6e393, 1
41174126, 3ea6d855, 1
41175523, 3ea6cd19, 1
41176920, 3ea6c1e0, 1
41177d1e, 3ea6b6aa, 1
4117911b, 3ea6ab75, 1
4117a518, 3ea6a043, 1
4117b916, 3ea69514, 1
4117cd13, 3ea689e7, 1
4117e111, 3ea67ebc, 1
4117f50e, 3ea67394, 1
4118090b, 3ea6686d, 1
41181d09, 3ea65d4a, 1
41183106, 3ea65228, 1
41184504, 3ea6470a, 1
41185901, 3ea63bed, 1
41186cfe, 3ea630d3, 1
411880fc, 3ea625bb, 1
411894f9, 3ea61aa5, 1
4118a8f6, 3ea60f93, 1
4118bcf4, 3ea60481, 1
4118d0f1, 3ea5f973, 1
4118e4ef, 3ea5ee67, 1
4118f8ec, 3ea5e35d, 1
41190ce9, 3ea5d856, 1
411920e7, 3ea5cd50, 1
411934e4, 3ea5c24d, 1
411948e1, 3ea5b74d, 1
41195cdf, 3ea5ac4f, 1
411970dc, 3ea5a153, 1
411984da, 3ea59659, 1
411998d7, 3ea58b62, 1
4119acd4, 3ea5806e, 1
4119c0d2, 3ea5757a, 1
4119d4cf, 3ea56a8b, 1
4119e8cc, 3ea55f9c, 1
4119fcca, 3ea554b1, 1
411a10c7, 3ea549c8, 1
411a24c5, 3ea53ee1, 1
411a38c2, 3ea533fc, 1
411a4cbf, 3ea5291a, 1
411a60bd, 3ea51e39, 1
411a74ba, 3ea5135c, 1
411a88b7, 3ea50880, 1
411a9cb5, 3ea4fda7, 1
411ab0b2, 3ea4f2d0, 1
411ac4b0, 3ea4e7fb, 1
411ad8ad, 3ea4dd29, 1
411aecaa, 3ea4d259, 1
411b00a8, 3ea4c78b, 1
411b14a5, 3ea4bcbf, 1
411b28a3, 3ea4b1f6, 1
411b3ca0, 3ea4a72f, 1
411b509d, 3ea49c6a, 1
411b649b, 3ea491a7, 1
411b7898, 3ea486e7, 1
411b8c95, 3ea47c29, 1
411ba093, 3ea4716d, 1
411bb490, 3ea466b4, 1
411bc88e, 3ea45bfc, 1
411bdc8b, 3ea45148, 1
411bf088, 3ea44695, 1
411c0486, 3ea43be5, 1
411c1883, 3ea43136, 1
411c2c80, 3ea4268a, 1
411c407e, 3ea41be0, 1
411c547b, 3ea41139, 1
411c6879, 3ea40694, 1
411c7c76, 3ea3fbf0, 1
411c9073, 3ea3f14f, 1
411ca471, 3ea3e6b0, 1
411cb86e, 3ea3dc15, 1
411ccc6b, 3ea3d17a, 1
411ce069, 3ea3c6e2, 1
411cf466, 3ea3bc4c, 1
411d0864, 3ea3b1b9, 1
411d1c61, 3ea3a728, 1
411d305e, 3ea39c99, 1
411d445c, 3ea3920b, 1
411d5859, 3ea38780, 1
411d6c57, 3ea37cf8, 1
411d8054, 3ea37272, 1
411d9451, 3ea367ee, 1
411da84f, 3ea35d6c, 1
411dbc4c, 3ea352ec, 1
411dd049, 3ea3486e, 1
411de447, 3ea33df3, 1
411df844, 3ea3337a, 1
411e0c42, 3ea32903, 1
411e203f, 3ea31e8e, 1
411e343c, 3ea3141b, 1
411e483a, 3ea309ab, 1
411e5c37, 3ea2ff3c, 1
411e7034, 3ea2f4d0, 1
411e8432, 3ea2ea66, 1
411e982f, 3ea2dfff, 1
411eac2d, 3ea2d599, 1
411ec02a, 3ea2cb35, 1
411ed427, 3ea2c0d5, 1
411ee825, 3ea2b675, 1
411efc22, 3ea2ac19, 1
411f101f, 3ea2a1bd, 1
411f241d, 3ea29764, 1
411f381a, 3ea28d0e, 1
411f4c18, 3ea282b9, 1
411f6015, 3ea27867, 1
411f7412, 3ea26e17, 1
411f8810, 3ea263c9, 1
411f9c0d, 3ea2597d, 1
411fb00a, 3ea24f33, 1
411fc408, 3ea244ec, 1
411fd805, 3ea23aa6, 1
411fec03, 3ea23063, 1
41200000, 3ea22622, 1
41200000, 3ea21be3, 1
41200000, 3ea211a5, 1
41200000, 3ea2076b, 1
41200000, 3ea1fd31, 1
41200000, 3ea1f2fb, 1
41200000, 3ea1e8c7, 1
41200000, 3ea1de94, 1
41200000, 3ea1d464, 1
41200000, 3ea1ca36, 1
41200000, 3ea1c00a, 1
41200000, 3ea1b5df, 1
41200000, 3ea1abb7, 1
41200000, 3ea1a191, 1
41200000, 3ea1a191, 1
41200000, 3ea1a191, 1
41200000, 3ea1a191, 1
41200000, 3ea1a191, 1
41200000, 3ea1a191, 1
41200000, 3ea1a191, 1
41200000, 3ea1a191, 1
